title,season_id,pub_real_date
日常,844,1301673600
3月的狮子 第二季,6445,1507996800
精灵宝可梦 无印,5761,859824000
ReLIFE,5012,1467302400
前进吧！登山少女 第四季,43151,1664899200
银河英雄传说：全新命题 策谋,43149,1664467200
路人超能100 III(灵能百分百 第三季),43141,1664985600
俺物语！！,4197,1428422400
相合之物,41574,1654617600
玉子爱情故事,4155,1398441600
街角魔族 第二季,41520,1652371200
海绵宝宝 中文配音,41013,1643299200
秘密内幕 女警的反击,40257,1641312000
擅长捉弄的高木同学 第三季,40156,1641571200
星之梦～雪圈球～,39288,1629820800
盖亚奥特曼,38693,1621612800
夏目友人帐 唤石者与怪异的访客,38627,1621958400
86－不存在的戰區－（僅限港澳台地區）,38442,1618070400
迪迦奥特曼（中配）,38385,1617120000
迪迦奥特曼,38384,1617120000
奇巧出租车,38245,1637337600
装甲重拳/MEGALOBOX 第二季,38234,1618070400
银魂 第三季,38159,1617120000
银魂 第二季,38158,1617120000
银魂,38157,1616083200
日常,844,1301673600
3月的狮子 第二季,6445,1507996800
精灵宝可梦 无印,5761,859824000
ReLIFE,5012,1467302400
前进吧！登山少女 第四季,43151,1664899200
银河英雄传说：全新命题 策谋,43149,1664467200
路人超能100 III(灵能百分百 第三季),43141,1664985600
俺物语！！,4197,1428422400
相合之物,41574,1654617600
玉子爱情故事,4155,1398441600
街角魔族 第二季,41520,1652371200
海绵宝宝 中文配音,41013,1643299200
秘密内幕 女警的反击,40257,1641312000
擅长捉弄的高木同学 第三季,40156,1641571200
星之梦～雪圈球～,39288,1629820800
盖亚奥特曼,38693,1621612800
夏目友人帐 唤石者与怪异的访客,38627,1621958400
86－不存在的戰區－（僅限港澳台地區）,38442,1618070400
迪迦奥特曼（中配）,38385,1617120000
迪迦奥特曼,38384,1617120000
奇巧出租车,38245,1637337600
装甲重拳/MEGALOBOX 第二季,38234,1618070400
银魂 第三季,38159,1617120000
银魂 第二季,38158,1617120000
银魂,38157,1616083200
佐贺偶像是传奇 卷土重来,37575,1617811200
百变小樱,3756,891878400
赛马娘 第二季,36579,1609689600
Re：从零开始的异世界生活 第二季 后半,36429,1609862400
悠哉日常大王 第三季,36204,1610294400
浪客剑心 追忆篇,3578,919440000
猫和老鼠 旧版,357,-943344000
命运石之门 负荷领域的既视感,3467,1366387200
来自深渊 剧场版总集篇,34544,1600876800
请问您今天要来点兔子吗？BLOOM,34415,1602259200
吹响吧！上低音号～誓言的终章～,28951,1582646400
吹响吧！上低音号 第二季,28937,1475596800
高分少女 第二季,28618,1572019200
凉宫春日的消失,2809,1265385600
擅长捉弄的高木同学 第二季,28006,1562428800
排球少年！！,2727,1396713600
魔法少女小圆 剧场版 [新篇] 叛逆的物语,27063,1382716800
剧场版 悠哉日常大王 Vacation,26632,1551196800
路人超能100 II(灵能百分百 第二季),26297,1546790400
强风吹拂,25742,1538496000
碧蓝之海,24581,1531497600
ReLIFE 完结篇,23884,1523289600
乌龙派出所,2299,834940800
学园奶爸,21775,1515254400
妖精森林的小不点,21717,1515686400
头文字D First Stage,207,1621094400
虫师,1715,1129910400
欢迎光临樱兰高校,1407,1144080000
备长炭,1394,1138809600
家庭教师HITMAN REBORN!,1376,1160150400
幸运星,1293,1175961600
CLANNAD ～AFTER STORY～,1178,1222876800
CLANNAD,1177,1191427200
轻音少女 剧场版,1175,1322841600
轻音少女 第二季,1173,1270483200
轻音少女 第一季,1172,1238601600
天降之物Final 我永远的鸟笼,973,1308931200
会长是女仆大人！,969,1270137600
Angel Beats!,959,1270137600
恶魔奶爸,952,1588694400
白兔糖 特典,894,1310054400
白兔糖,893,1309968000
全职猎人,877,940003200
好想告诉你 第一季,857,1254758400
笨蛋，测验，召唤兽2,843,1309968000
一起一起这里那里,782,1333555200
黑执事,75,1222876800
食梦者。3,729,1349452800
食梦者,727,1285948800
啾咪BABY 日语版,709,1325692800
人类衰退之后,703,1341072000
春宵苦短，少女前进吧,6518,1491494400
IDOLiSH7-偶像星愿-,6485,1515254400
少女终末旅行,6463,1507219200
幻界战线 & BEYOND,6439,1507392000
此花亭奇谭,6425,1507132800
GJ部,637,1357660800
终物语 下,6345,1502467200
学生会的一己之见 Lv.2,632,1350057600
学生会的一己之见,631,1254412800
拽妹黛薇儿 第五季,6298,982512000
蜡笔小新 第六季（中文）,6295,1331222400
蜡笔小新 第五季（中文）,6268,1262275200
蜡笔小新 第四季（中文）,6266,1167580800
蜡笔小新 第三季（中文）,6264,1072886400
蜡笔小新 第二季（中文）,6262,703094400
蜡笔小新 第一季（中文）,6260,703094400
南家三姐妹 我回来了,623,1357315200
变形金刚 领袖之证 第三季（中文版）,6181,1363881600
变形金刚 领袖之证 第二季（中文版）,6180,1330099200
变形金刚 领袖之证 第一季（中文版）,6179,1290700800
珈百璃的堕落 SP,6042,1490284800
月色真美,5989,1491408000
重启咲良田,5983,1491321600
夏目友人帐 第六季,5977,1491926400
元气少女缘结神 新婚篇,5882,1482163200
ACCA13区监察课,5795,1483977600
我的青春恋爱物语果然有问题 续 OVA,5622,1477497600
飞翔的魔女,5617,1460131200
悠哉日常大王 Repeat OAD,5567,1474560000
夏目友人帐 第五季,5550,1475596800
3月的狮子,5523,1475942400
JOJO的奇妙冒险 不灭钻石,5398,1459353600
降世神通：最后的气宗 第一季,5391,1108915200
星际牛仔 SP,5383,909072000
名侦探柯南 瞳孔中的暗杀者,5365,1590076800
名侦探柯南 通往天国的倒计时,5316,1590076800
月刊少女野崎君,53,1404576000
千年女优,5297,996249600
名侦探柯南 贝克街的亡灵,5234,1590076800
名侦探柯南 迷宫的十字路口,5156,1590076800
温暖的印记,5125,1465142400
路人超能100(灵能百分百),5058,1468252800
星之梦～星之人～,5051,1472832000
这个美术社大有问题！,5043,1467907200
第一神拳,500,970502400
地狱少女 二笼,4880,1160150400
草莓棉花糖 OVA 第1期,4828,1172160000
草莓棉花糖 encore,4737,1232640000
最终幻想VII：降临之子,4720,1126627200
犬夜叉完结篇,4687,1254499200
中二病也要谈恋爱！,4340,1349193600
JOJO的奇妙冒险,4334,1349366400
堀桑与宫村君,4333,1349366400
魔法少女小圆 剧场版 [后篇] 永远的物语,4317,1350057600
魔法少女小圆 剧场版 [前篇] 起始的物语,4316,1349452800
pop子和pipi美的日常 第二季,43158,1664640000
呆萌酷男孩,43156,1665417600
新猫和老鼠 第四季,42921,1661788800
酷爱电影的庞波小姐,42910,1667232000
犬夜叉剧场版 镜中的梦幻城,42653,1660320000
犬夜叉剧场版 穿越时空的思念,42652,1660320000
玉子市场,4262,1357660800
史努比太空历险记 第一季,42309,1657814400
哆啦A梦 第四季,42289,1661443200
JOJO的奇妙冒险 星尘远征军 埃及篇,4213,1420732800
奇幻世界舅舅,42105,1661875200
Ｄｒ．ＳＴＯＮＥ 石纪元 特别篇：龙水,42093,1664726400
艾克斯奥特曼剧场版 来了！我们的奥特曼,41954,1654012800
憨豆先生动画版 第一季,41930,1660060800
米奇妙妙屋 第1季 中文配音,41920,1659024000
斩服少女,419,1380729600
JOJO的奇妙冒险 星尘远征军,4185,1396540800
花园宝宝 中文配音,41603,1650038400
青之芦苇,41575,1662134400
银河英雄传说：全新命题 激战,41534,1649952000
夏日幻魂,41484,1648656000
约会大作战 第四季,41432,1649347200
恋爱要在世界征服后,41418,1649347200
夏日重现,41417,1652371200
疯狂兔子入侵：火星任务,41198,1648051200
前进吧！登山少女 第二季,4115,1404835200
四色战记 / RWBY 第二季,41134,1644076800
海绵宝宝,41012,1643299200
在下坂本，有何贵干？ 中配版,41006,1643126400
愤怒的小鸟：猪猪传 第一季,40759,1643299200
愤怒的小鸟 第三季,40758,1641484800
愤怒的小鸟 第二季,40757,1641484800
愤怒的小鸟 第一季,40756,1643299200
元气囝仔,4070,1404489600
明日酱的水手服,40530,1646841600
女孩的钓鱼慢活,40242,1641484800
猫和老鼠（1975）,39837,1636300800
四色战记 / RWBY 第一季,39495,1634832000
结城友奈是勇者 第三季 / 大满开之章,39486,1633104000
新飞天小女警 第二季,39472,1632844800
新飞天小女警 第一季,39471,1632844800
异想食堂  / 异世界食堂 第二季,39446,1642176000
鬼灭之刃 无限列车篇,39444,1637078400
键等学园/键等,39438,1636473600
JOJO的奇妙冒险 石之海,39431,1661961600
关于前辈很烦人的事,39424,1633795200
平家物语,39347,1631635200
机动战士高达：闪光的哈萨维,39050,1625155200
隐瞒之事 电影剪辑版,38995,1628265600
命运-冠位嘉年华,38947,1630684800
阴晴不定大哥哥,38923,1625500800
蜡笔小新 呼风唤雨！夕阳下的春日部男孩,3885,1082131200
蜡笔小新 呼风唤雨！战国大合战,3881,1019232000
蜡笔小新 呼风唤雨！大人帝国的反击,3880,987782400
魔卡少女樱 被封印的卡片,3860,963590400
轻松小熊和小薰,38516,1622476800
佐賀偶像是傳奇 捲土重來（僅限港澳台地區）,38432,1617811200
欧布奥特曼,38415,1617120000
艾克斯奥特曼,38410,1617120000
梦比优斯奥特曼,38407,1617120000
麦克斯奥特曼,38406,1617120000
奈克赛斯奥特曼,38404,1617120000
盖亚奥特曼（中配）,38402,1617120000
泽塔奥特曼,38397,1617120000
關於我轉生變成史萊姆這檔事 轉生史萊姆日記（僅限台灣地區）,38391,1617638400
明日之丈 第二季,38378,1616515200
薇薇 -萤石眼之歌-,38260,1619884800
SSSS.电光机王,38233,1617897600
高智能方程式：SIN,3811,914169600
高智能方程式：SAGA,3810,838828800
岸边露伴 一动也不动,38035,1613750400
石川由依 朗读剧系列UTA-KATA,37957,1612540800
DRAMAtical Murder OVA,3785,1404576000
舞伎家的料理人,37822,1614182400
五等分的新娘∬（僅限港澳台地區）,37808,1610035200
碧蓝航线：微速前行！,37498,1610380800
偶像荣耀/IDOLY PRIDE,36290,1610294400
文豪野犬 汪！,36287,1610467200
巴克·亚罗/BACK ARROW,36282,1610121600
堀与宫村,36198,1610121600
工作细胞BLACK,36177,1610208000
Little Busters! ～Refrain～,3570,1380902400
超时空要塞 可曾记得爱,3557,459187200
排球少年剧场版 结束与开始,3542,1435852800
晨曦公主 OAD,3523,1442505600
Love Live! 学园偶像 电影,35182,1606665600
笨蛋，测验，召唤兽 OVA,3486,1298390400
与汪汪喵喵同居的开心日常,34841,1604073600
One Room 第三季,34715,1601913600
来自深渊 深沉灵魂的黎明,34543,1601395200
命运石之门 境界面上的迷失之链,3449,1448985600
黑子的篮球 第3期 OVA,3444,1443110400
体操武士,34435,1602345600
龙与魔女/BURN THE WITCH,34432,1601568000
Love Live！虹咲学园学园偶像同好会,34418,1601654400
路人女主的养成方法 Fine,34394,1600790400
斩服少女 OAD,34241,1409846400
冰菓,3398,1335024000
怪医黑杰克剧场版之超人类,33965,1593964800
×××HOLiC 仲夏夜之梦,3396,1124467200
×××HOLiC 笼 徒梦,3395,1299600000
×××HOLiC 笼,3391,1271952000
×××HOLiC 春梦记,3390,1234800000
×××HOLiC 继,3389,1207152000
銀魂（僅限港澳台地區）,33577,1144252800
名侦探柯南 计时引爆摩天楼,33542,1590076800
名侦探柯南（中配）,33415,1588176000
怪盗基德1412,33384,1588176000
怪盗基德,33383,1588176000
名侦探柯南,33378,1588176000
ACCA13区监察课－Regards,33330,1585238400
奇诺之旅,33327,1049731200
BanG Dream! 少女乐团派对！☆PICO～大份～,33176,1588780800
BT21 UNIVERSE动画,33077,1564502400
革命机Valvrave,3307,1365609600
高达创形者 再起 第二季,33060,1586361600
放学后海堤日记,33026,1586188800
听我的电波吧,32983,1585929600
辉夜大小姐想让我告白？～天才们的恋爱头脑战～,32982,1586620800
邪神与厨二病少女 第二季,32938,1586102400
IDOLiSH7-偶像星愿- Second BEAT!,32915,1586016000
哆啦A梦 第三季,32779,1113494400
哆啦A梦 第一季,32777,1113494400
BanG Dream! 梦想协奏曲 电影演唱会,31861,1578240000
灰与幻想的格林姆迦尔,3103,1452355200
GJ部@,3075,1399219200
Love Live! School Idol Project（第二季）,3071,1396713600
游戏王 怪兽之决斗,3054,955987200
请问您今天要来点兔子吗？？～Sing for You～,30288,1576857600
星际牛仔 天国之扉,3008,999273600
特别的她,2988,956678400
拽妹黛薇儿 第二季,2954,887558400
拽妹黛薇儿 第一季,2953,857145600
神推偶像登上武道馆我就死而无憾,29351,1578585600
索玛丽与森林之神,29334,1577894400
某科学的超电磁炮T,29325,1578672000
异度侵入 ID:INVADED,29310,1578240000
BanG Dream! 梦想协奏曲 第三季,29308,1578326400
花开伊吕波 Home Sweet Home,2927,1362758400
狼的孩子雨和雪,2923,1342800000
齐木楠雄的灾难 始动篇,29052,1577721600
机动战士高达 THE ORIGIN VI：红色彗星的诞生,29051,1531411200
青春猪头少年不会梦到怀梦美少女,28965,1573574400
剧场版 阿松,28960,1573228800
吹响吧！上低音号～想要传达的旋律～,28950,1506700800
吹响吧！上低音号～欢迎来到北宇治高中吹奏乐部～,28938,1461340800
猫眼三姐妹,2876,426700800
排球少年！！第二季（僅限港澳台地區）,28737,1443801600
圣诞之吻SS+ SP,2866,1325692800
钻石王牌 act II 后半,28635,1569254400
银河英雄传说：全新命题 星乱,28616,1569513600
路人超能100 第一次灵能咨询所员工旅游～舒缓心灵的疗愈之旅~（OVA2）,28610,1569340800
犬夜叉,28324,971625600
花田少年史,2825,1033401600
月刊少女野崎君（僅限港澳台地區）,28180,1404576000
排球少年 烏野高校 VS 白鳥澤學園高校（僅限港澳台地區）,28115,1475769600
彼方的阿斯特拉（僅限港澳台地區）,28017,1562083200
女高中生的虚度日常,28016,1562256000
街角魔族,28007,1562860800
怪医黑杰克 OVA（1993）,2797,756403200
小马宝莉 第五季 (中配）,27733,1428076800
我们这一家 新篇,2771,1444060800
请问您今天要来点兔子吗？？,2762,1444406400
冰海战记,27395,1562515200
机动战士高达 THE ORIGIN I：苍瞳的卡斯巴尔,27064,1429804800
战斗妖精雪风,2702,1030204800
天元突破红莲螺岩,27014,1175356800
昭和元祿落語心中（僅限港澳台地區）,2701,1452182400
進擊的巨人 第三季 Part.2（僅限台灣地區）,26963,1556467200
少女☆歌剧Revue Starlight -The LIVE- #1 revival,26930,1555084800
偶像大师 剧场版 向着光辉的彼岸！,2685,1390579200
少女☆歌劇 Revue Starlight（僅限港澳台地區）,26841,1531411200
偶像大师,2684,1309968000
男子高中生的日常,2680,1326038400
MIX,26770,1554480000
文豪野犬 第三季,26769,1554998400
小马宝莉 第五季,2672,1428076800
小马宝莉 第四季,2671,1385136000
小马宝莉 第三季,2670,1352476800
小马宝莉 第二季,2669,1316188800
小马宝莉 第一季,2668,1286640000
CLANNAD 另一个世界 智代篇,2655,1216137600
虫师 续章 铃之雫,2648,1431705600
齐木楠雄的灾难 完结篇,26347,1545926400
BanG Dream! 第二季,26305,1546444800
天使降临到我身边,26291,1546876800
约定的梦幻岛,26281,1546963200
純情羅曼史 第3季（僅限港澳台地區）,2628,1436371200
ENDRO~!,26275,1547308800
辉夜大小姐想让我告白～天才们的恋爱头脑战～,26274,1547308800
玛纳利亚的密友（Mysteria Friends）/巴哈姆特之怒/玛娜利亚魔法学院,26271,1548000000
昭和元祿落語心中-助六再臨篇（僅限港澳台地區）,26170,1483632000
东京教父,2597,1068220800
青春猪头少年不会梦到兔女郎学姐,25733,1538582400
佐賀偶像是傳奇（僅限港澳台地區）,25689,1538668800
JOJO的奇妙冒险 黄金之风,25681,1538755200
彩虹小马 小马国女孩2：彩虹摇滚,25654,1411747200
终将成为你,25622,1538668800
邻家索菲,25619,1538668800
魔法少女小圆,2539,1294243200
NEKOPARA EXTRA 小猫篇（猫娘乐园）,25152,1532620800
剧场版 中二病也要谈恋爱！ -Take On Me-,25045,1531843200
向山进发 回忆的礼物,24952,1516896000
牵牛花与加濑同学。,24951,1540569600
新机动战记高达W剧场版 无尽的华尔兹,2491,901900800
阿尔卑斯山的少女,2480,126633600
灰与幻想的格林姆迦尔 OVA,24745,1458057600
请问您今天要来点兔子吗？？～Dear My Sister～,24702,1533744000
鲁邦三世 第一季,2469,1609171200
少女☆歌剧 Revue Starlight,24622,1531411200
前进吧！登山少女 第三季,24605,1530547200
BanG Dream! 少女乐团派对☆PICO,24569,1530720000
铁臂阿童木 2003,2450,1049558400
铁臂阿童木 1980,2449,339177600
传说巨神伊迪安,2448,326649600
小马宝莉 友谊的魔力 第七季,24265,1492185600
棒球英豪 TV版,2425,480528000
城市猎人 TV版,2416,544723200
排球少年剧场版 观念之战,23979,1506614400
排球少年剧场版 才能与感觉,23978,1505404800
光能使者,2397,607881600
装甲重拳/MEGALOBOX,23880,1522944000
鬼灯的冷彻 第二季 其二,23877,1523116800
鲁邦三世 第五季,23854,1522684800
赛马娘,23834,1522598400
Comic Girls,23829,1522857600
高智能方程式,2350,668966400
幽游白书,2338,718646400
怪盗圣少女,2321,1616428800
浪客剑心,2303,821203200
少女革命,2277,859910400
失落的宇宙,2254,891532800
卫宫家今天的饭,22504,1514736000
麻辣教师GTO,2238,930672000
超级酷乐猫,2204,938793600
比宇宙更远的地方,21778,1514822400
紫罗兰永恒花园,21542,1515600000
齐木楠雄的灾难 第二季,21469,1516118400
魔卡少女樱 CLEAR CARD篇,21421,1515254400
头文字D Fourth Stage,210,1082131200
夏目友人帐 第五季 特别篇,20897,1493136000
头文字D Second Stage,208,939916800
十二国记,2069,1018281600
人形电脑天使心,2061,1017676800
我们这一家 第一期,2038,1019232000
奇诺之旅（2017）,2013,1507219200
小魔女蒙娜,1928,940176000
爱丽丝学园,1921,1099065600
乒乓,192,1397059200
怪医黑杰克,1910,1097424000
鸦KARAS,1857,1117209600
NO GAME NO LIFE 游戏人生,184,1396972800
勇者王GAOGAIGAR,1823,854726400
AIR,1816,1104940800
CANDY BOY,1789,1209657600
马达加斯加的企鹅 第二季,1750,1270396800
马达加斯加的企鹅 第一季,1749,1270396800
幻想嘉年华,1732,1313251200
游☆戏☆王 5D's 第三季,1720,1246377600
游☆戏☆王 5D's 第四季,1719,1263916800
游☆戏☆王 5D's 第二季,1718,1222790400
游☆戏☆王 5D's 第一季,1717,1207065600
攻壳机动队,1702,816624000
四月是你的谎言,1699,1412784000
夏目友人帐 第四季,1663,1325433600
夏目友人帐 第三季,1662,1309708800
夏目友人帐 第二季,1661,1231084800
夏目友人帐,1660,1215360000
宇宙兄弟,1657,1333209600
攻壳机动队 S.A.C. 2nd GIG,1565,1072886400
攻壳机动队 STAND ALONE COMPLEX,1564,1033401600
吹响吧！上低音号,1547,1428336000
我的青春恋爱物语果然有问题。续,1540,1427904000
魔法少女奈叶,1535,1096560000
校园迷糊大王,1446,1097337600
结界师,1405,1160928000
NANA,1382,1144166400
KANON / 雪之少女（京都版）,1375,1159977600
天元突破 红莲螺岩 剧场版,1292,1220630400
英雄时代,1274,1175356800
精灵守护者,1271,1175875200
×××HOLiC,1239,1144252800
海马,1238,1207756800
宝石宠物 Tinkle☆（第二季）,123,1270224000
超智游戏,1205,1223395200
机动战士高达00 第二季,1193,1223136000
CLANNAD ～AFTER STORY～另一个世界 杏篇,1180,1243094400
天体战士 第2期,1160,1254499200
秀逗魔导士 第一季,1112,797184000
狼与香辛料 第二季,1072,1247068800
DARKER THAN BLACK -黑之契约者-,1064,1175702400
交响情人梦,1039,1168444800
KERORO军曹,103,1080921600
梦色蛋糕师,1000,1254585600
花丸幼稚园,982,1263052800
荒川爆笑团2,979,1286035200
荒川爆笑团,978,1270310400
放浪男孩,951,1294848000
LEVEL E,947,1294588800
+TIC模型姐妹,930,1345564800
战国鬼才传,929,1302105600
猫神八百万,904,1310140800
丹特丽安的书架,862,1310659200
GOSICK,856,1294329600
电波女与青春男,846,1302710400
笨蛋，测验，召唤兽,842,1262707200
圣斗士星矢 THE LOST CANVAS 冥王神话,800,1245772800
Fate/Zero 第二季,779,1333728000
TARI TARI,752,1341072000
向阳素描×蜂窝,734,1349366400
向阳素描×☆☆☆,733,1262793600
向阳素描×365,732,1215014400
向阳素描,731,1168444800
食梦者。2,728,1317398400
樱花庄的宠物女孩,687,1349625600
鸭子的生活,676,1365264000
群居姐妹 OVA,6538,1442505600
月色真美 SP,6497,1506441600
鬼灯的冷彻 第二季,6447,1507392000
AKB0048 第二季,644,1357315200
宝石之国,6434,1507305600
AKB0048 第一季,643,1335628800
徒然喜欢你,6312,1499097600
Q弟侦探因幡,628,1357228800
南家三姐妹,620,1191686400
结城友奈是勇者 -鹫尾须美之章-,6075,1489766400
田中君总是如此慵懒 特典,6036,1466697600
机动战士高达 雷霆宙域战线 第一季,6006,1450972800
剑姬神圣谭 在地下城寻求邂逅是否搞错了什么 外传,5980,1492099200
路人女主的养成方法 ♭,5971,1588176000
進擊的巨人 第二季（僅限台灣地區）,5970,1491062400
越狱兔 第5季,5872,1355587200
越狱兔 第3季,5870,1223827200
越狱兔 第2季,5869,1191772800
妖狐×仆SS SP,5859,1326384000
小林家的龙女仆,5800,1484064000
One Room,5798,1484064000
兽娘动物园,5796,1483977600
小魔女学园 TV版,5788,1483891200
幼女戰記（僅限港澳台地區）,5782,1483632000
精灵宝可梦 剧场版5：水都的守护神拉帝亚斯和拉帝欧斯,5755,1026489600
我的女神 战斗之翼,5742,1197043200
我是小甜甜,5600,425836800
宇宙兄弟#0,5571,1613577600
奇异太郎少年的妖怪绘日记,5556,1475596800
怪盗Joker 第四季,5545,1475424000
编舟记,5516,1476288000
刀剑乱舞-花丸-,5515,1475424000
女神异闻录3 剧场版 #4 Winter of Rebirth,5500,1453478400
乌龙派出所特别篇2016：THE FINAL 两津勘吉最后的一天,5499,1474128000
天体的秩序SP,5488,1437667200
闪电十一人 第三季 日语,5468,1223136000
闪电十一人 第二季 日语,5467,1223136000
闪电十一人,5466,1223136000
无头骑士异闻录×2 结 DuFuFuFu!!,5424,1463760000
Da!Da!Da!,5407,954777600
八犬传 -东方八犬异闻- 第二季,529,1373126400
魔神凯撒,5289,1001347200
网球王子,5281,1002643200
八犬传 -东方八犬异闻- 第一季,528,1357315200
战姬绝唱SYMPHOGEAR G,527,1372867200
战姬绝唱SYMPHOGEAR,526,1325779200
剧场版「High☆Speed! -Free! Starting Days-」,5239,1449244800
恋爱情结,5221,1175875200
蔷薇少女,522,1097078400
Free! -Eternal Summer-,5201,1404230400
魁!!库洛马迪高校,5177,1065024000
现视研1,517,1097337600
玉响～hitotose～,514,1317571200
我的妹妹小桃子,5127,1058889600
齐木楠雄的灾难,5069,1468166400
星之梦,5045,1467820800
天真与闪电,5029,1467648000
NEW GAME!,5027,1467734400
第一神拳 Rising,502,1380902400
地狱少女,4996,1128355200
怪医黑杰克21,4922,1144598400
河童之夏,4760,1185552000
枪神剧场版,4686,1272038400
时光钟摆,4600,1332172800
刀剑神域,4452,1341590400
Code Geass 反叛的鲁路修 娜娜莉梦游仙境,4446,1343318400
黄金拼图,443,1373040000
AURA ～魔龙院光牙最后的战斗～,4422,1365782400
南家三姐妹 夏日假期,4398,1375718400
神奇宝贝 起源,4378,1380643200
钻石王牌,4375,1380988800
高达创战者,4374,1381075200
中二病也要谈恋爱！恋,4349,1389110400
四叠半时光机布鲁斯,43166,1666108800
某科学的超电磁炮S,427,1365696000
某科学的超电磁炮,425,1254412800
关于养猫我一直是新手,42406,1663776000
世界末日柴犬为伴,42199,1661788800
顶点!!!!!!!!!!!!!!!,42188,1662134400
德凯奥特曼,42186,1657296000
传颂之物 二人的白皇,42104,1662220800
罗布奥特曼剧场版 决定了！羁绊的水晶,41950,1654012800
钻石王牌 ～Second Season～,4194,1428249600
憨豆先生动画版 第三季,41934,1653926400
憨豆先生动画版 第一季 中文配音,41931,1653926400
米奇妙妙屋 第1季,41919,1659024000
灰色的迷宫,4170,1428768000
前进吧！登山少女,4145,1357056000
间谍过家家,41410,1651248000
变态王子与不笑猫,413,1365782400
普通女高中生要做当地偶像 OVA,4125,1450886400
普通女高中生要做当地偶像,4124,1404316800
信长协奏曲,4118,1405008000
辉夜大小姐想让我告白？ 中配版,40552,1642608000
辉夜大小姐想让我告白 中配版,40550,1640793600
与变成了异世界美少女的好友一起冒险,40516,1641830400
猫和老鼠传奇 第二季,39901,1636905600
猫和老鼠传奇 第一季,39900,1636905600
Q版猫和老鼠 第二季,39790,1636300800
Q版猫和老鼠 第一季,39788,1636300800
勇者王GaoGaiGar Final Grand Glorious Gathering,3958,1113148800
勇者王GaoGaiGar Final,3957,948384000
鲁邦三世：初次交锋,3950,1027612800
鬼灭之刃 游郭篇,39433,1646409600
咒术回战 粤配版,39190,1627833600
测不准的阿波连同学,39180,1648828800
LoveLive 爱与演唱会!超级明星!!,39001,1630080000
哆啦A梦 新·大雄与铁人兵团～振翅吧天使们～,3900,1299254400
歌剧少女！！,38963,1625328000
漂流少年,38958,1626364800
蜡笔小新 超级美味B级美食大逃亡,3895,1366387200
异世界迷宫黑心企业,38934,1625760000
瓦尼塔斯的手记,38924,1627574400
蜡笔小新 超时空！呼风唤雨的我的新娘,3891,1271433600
蜡笔小新 呼风唤雨！光荣烧肉之路,3882,1050681600
蜡笔小新 森林里的暴风雨,3879,956332800
死神少爷与黑女仆,38722,1625328000
柯基和伙伴的日常,38665,1621958400
美少年偵探團（僅限港澳台地區）,38456,1618070400
高斯奥特曼,38403,1617120000
飞跃巅峰! 剧场版,3827,1159632000
水果篮子 最终季,38257,1625846400
忧国的莫里亚蒂 后半,38254,1616860800
灼热卡巴迪,38244,1634572800
向阳素描 沙英・寻 毕业篇,3823,1385481600
入间同学入魔了 第二季,38224,1621008000
关于我转生变成史莱姆这档事 转生史莱姆日记,38221,1619884800
极主夫道,38220,1617811200
高智能方程式：ZERO,3809,765129600
高智能方程式 DOUBLE ONE,3808,720547200
魔法少女奈叶 The MOVIE 2nd A’s,3795,1342195200
工作细胞（中配版）,37889,1613318400
Re：從零開始的異世界生活 第二季 Part2（僅限港澳台地區）,37794,1609862400
JOESTAR RADIO,37740,1610899200
Candy☆Boy OVA,3771,1195660800
我的女神 OAD,3759,1298390400
校园迷糊大王 一学期补习,3752,1135180800
苍穹之法芙娜 RIGHT OF LEFT,3743,1135785600
青山刚昌短篇集,36724,1607875200
颠倒的帕特玛,3668,1383926400
奇蛋物语 / WONDER EGG PRIORITY,36209,1610380800
Ｄｒ．ＳＴＯＮＥ 石纪元  (第二季),36175,1610553600
工作细胞 第二季,36174,1610208000
五等分的新娘∬,36166,1610035200
记录的地平线 圆桌崩坏,36101,1610467200
Little Busters! EX,3571,1390924800
圣诞之吻SS OVA,3567,1307721600
丹特丽安的书架 OVA 荆姬,3521,1344614400
Anne Happy,3498,1459958400
TARI TARI OVA,3492,1341072000
HELLO!! 黄金拼图,3491,1428163200
春日望和安斋由香里的Do YU~NO~ the Radio,34676,1600963200
宇宙巡警露露子,3459,1459440000
甘城光辉游乐园 SP 激动人心小剧场,3455,1419523200
命运石之门 聪明睿智的认知计算,3448,1413302400
赤发白雪姬 OVA 不值一提的宝物、这一页,3447,1451923200
夏目友人帐 OVA,3446,1387036800
咒术回战,34430,1601654400
魔女之旅,34412,1601568000
我们仍未知道那天所看见的花的名字。 剧场版,3441,1377878400
在魔王城说晚安,34407,1601913600
我的青春恋爱物语果然有问题。 第一季 OVA,3437,1379520000
兽之奏者艾琳,3434,1231603200
史上最强弟子兼一,34297,1598284800
Charlotte SP,3429,1434816000
四月是你的谎言 OAD,3423,1431619200
野良神 ARAGOTO OAD,3420,1447689600
野良神 OAD,3419,1392220800
赛马娘四格,33806,1594051200
没落要塞 / DECA-DENCE,33803,1593273600
Re：从零开始的异世界生活 第二季 前半,33802,1594137600
她和她的猫,3375,1457020800
团团喵,33599,1514736000
声声相对论,33559,1590249600
名侦探柯南 第14个目标,33543,1590076800
名侦探柯南 世纪末的魔术师,33539,1590076800
佝偻猫 第一季,3350,1246723200
Free!-Road to the World-梦,33457,1562256000
名侦探柯南 Episode“ONE” 变小的名侦探,33382,1588176000
鲁邦三世VS名侦探柯南THE MOVIE,33380,1588176000
未确认进行式,33328,1389110400
Re:Stage！Dream Days♪,33312,1562428800
LoveLive! Sunshine!! 学园偶像 电影 彩虹彼端,33241,1587052800
蜂蜜与四叶草II,3318,1151510400
蜂蜜与四叶草,3317,1113408000
城市猎人91,33168,672764400
輝夜姬想讓人告白？~天才們的戀愛頭腦戰~（僅限台灣地區）,33088,1586620800
历物语,3297,1452268800
哆啦A梦 第二季,32778,1113494400
江户盗贼团五叶,3248,1271260800
Little Busters!,3242,1349452800
变形金刚2008,3219,1198598400
Q版！黑色四叶草,31854,1577808000
归宅部活动记录,3135,1372867200
天才宝贝,3130,837014400
Re：从零开始的异世界生活 Memory Snow(雪之回忆),31150,1578067200
赤发白雪姬 第二季,3107,1452441600
只有我不存在的城市,3096,1452096000
晨曦公主,3072,1412611200
Love Live! School Idol Project,3068,1357401600
莎拉公主,3046,473788800
拽妹黛薇儿 剧场版,3015,967305600
银仙,297,1412438400
拽妹黛薇儿 第三季,2955,919180800
潜行吧！奈亚子F,2941,1432915200
织田肉桂信长,29360,1578672000
恋爱小行星,29350,1577980800
理科生坠入情网，故尝试证明。,29110,1578585600
机动战士高达 THE ORIGIN V：激战 鲁姆会战,29043,1510243200
记录的地平线,289,1380902400
变形金刚大电影,2873,518367600
銀河英雄傳說：全新命題 星亂（僅限港澳台地區）,28664,1569513600
星合之空,28627,1570723200
这个勇者明明超强却过分慎重,28625,1569945600
一弦定音！第二季（僅限港澳台地區）,28583,1570291200
翼·年代记 春雷记,2855,1237219200
动物狂想曲 / BEASTARS,28542,1570636800
翼·年代记 东京默示录,2854,1195142400
米老鼠的黑白动画片生涯,2840,-1297670400
彗星公主,2821,986054400
阳光中的青时雨,2820,1383926400
甘城光辉游乐园,281,1412524800
少女☆歌剧Revue Starlight -The LIVE- #2 Transition,28054,1563379200
机动战士高达 THE ORIGIN IV：命运的前夜,28034,1481212800
91Days（僅限港澳台地區）,28033,1467907200
田中君總是如此慵懶（僅限港澳台地區）,28032,1460131200
流汗吧！健身少女,28013,1562083200
玉响～毕业写真～,2800,1431014400
Ｄｒ．ＳＴＯＮＥ 石纪元,27993,1562256000
酷妹当家,27819,844444800
第一神拳 间柴vs木村 死刑执行,27805,1062691200
机动战士高达 THE ORIGIN II：悲哀的阿尔黛西亚,27795,1448467200
终物语,2747,1443801600
女神异闻录4,2717,1317830400
萤火之森,27042,1316188800
CAROLE & TUESDAY,26875,1554912000
川柳少女,26870,1554480000
男子高中生的日常 SP,2681,1333382400
钻石王牌 act II 前半,26809,1554134400
鬼灭之刃,26801,1554566400
水果篮子 (2019),26766,1554480000
鲁邦三世：次元大介的墓标,26714,1403280000
亚人酱有话要说 （僅限台灣地區）,26483,1483718400
次元发电机,26390,1527264000
君主·埃尔梅罗二世事件簿 魔眼收集列车 Grace note,26363,1562428800
不吉波普不笑,26303,1546531200
同居人是猫,26289,1547049600
KEMURIKUSA,26285,1546963200
小马宝莉 友谊的魔力 第八季（中配）,26223,1521820800
城下町的蒲公英,2613,1435766400
和歌子酒 动画,2602,1436025600
迷糊餐厅 WORKING!!!,2587,1435939200
天线宝宝,25839,859737600
黑塔利亚 The World Twinkle 第6期,2581,1435852800
赤发白雪姬 第一季,2578,1436112000
哆啦A梦 大雄的猫狗时空传,2568,1078502400
哆啦A梦 大雄与风之使者,2567,1047052800
哆啦A梦 大雄与梦幻三剑士,2562,763401600
机动武斗传G高达,25582,765129600
探险活宝 第七季（中配）,25504,1446393600
探险活宝 第六季（中配）,25503,1398009600
小魔女学园,2547,1362153600
言叶之庭,2546,1369929600
小马宝莉 友谊的魔力 第六季 (中配）,25443,1458921600
机动战舰大和抚子 剧场版,2508,902505600
特别版 Free!-Take Your Marks-,25001,1523980800
剧场版 K Seven Stories,24978,1530892800
少女革命 思春期默示录,2493,934560000
明日之丈剧场版,2485,7833600
闪电十一人 第一季 日语,24833,1223136000
银河英雄传说：全新命题,24674,1522684800
中间管理录利根川,24611,1530633600
凡尔赛玫瑰,2458,308332800
One Room 第二季,24572,1530547200
宇宙战舰大和号 2199,2454,1365264000
明日之丈,24332,1616428800
森林好小子,2401,574272000
排球少年剧场版 胜者与败者,23934,1442505600
鹿枫堂,23873,1523376000
踏切时间,23869,1523203200
雷顿神秘侦探社～卡特莉的解谜事件簿～,23855,1523116800
全金属狂潮 Invisible Victory,23852,1523548800
路人超能100 REIGEN～不为人知的奇迹灵能者～（OVA）,23833,1522512000
元气爆发伏魔金刚,2341,702057600
叮当猫,2334,734025600
疾风无敌银堡垒,2329,734025600
玩偶游戏,2306,828633600
佐罗的传说,2296,828633600
机动战舰大和抚子 TV版,2293,844099200
玲音,2251,899654400
危险调查员,2249,907516800
独自生活的小学生,22288,1507564800
THE BIG O,2224,939744000
三颗星彩色冒险,21744,1515254400
戒律的复活,21729,1515168000
星界的战旗 星界的纹章,2163,955641600
真女神转生 恶魔之子,2157,971020800
随风飘的月影兰,2151,948816000
GEAR战士电童,2143,970588800
头文字D Final Stage,212,1400169600
青春草莓蛋,2104,994176000
星之卡比,2102,1002297600
热带雨林的爆笑生活 FINAL,2093,1071936000
闪灵二人组,2073,1033747200
越狱兔 前传,2034,1428595200
越狱兔 第1季,2033,1151424000
萩萩公主,2030,1029427200
寻找满月,2021,1018022400
索尼克,1982,1049558400
高桥留美子剧场,1970,1057334400
新撰组异闻录 铁,1963,1065456000
BECK,1924,1096992000
请问您今天要来点兔子吗？,191,1397059200
苏生龙王传说,1907,1081008000
爱你宝贝,1905,1080921600
陆奥圆明流外传 修罗之刻,1904,1081180800
人鱼的旋律,1875,1049472000
草莓棉花糖,1856,1121270400
天使心,1850,1128268800
牙-KIBA,1813,1143907200
忏・再见绝望先生,1794,1246636800
再见绝望先生,1792,1183737600
极速方程式,1781,1191513600
斗牌传说,1776,1128355200
玻璃假面,1763,1114358400
一周的朋友。,173,1396713600
变形金刚 领袖之证 第一季（美版）,1723,1333814400
龙与虎,1672,1222876800
金色琴弦～primo passo～,167,1159632000
关于完全听不懂老公在说什么的事 第二季,1655,1427904000
网球优等生,1651,1396713600
EVA 新世纪福音战士新剧场版2.22：破,1639,1246032000
EVA 新世纪福音战士新剧场版1.11：序,1638,1188576000
EVA 新世纪福音战士,1635,812736000
希德尼娅的骑士 第一季,1576,1397059200
怪盗JOKER 第二季,1570,1428249600
怪盗JOKER 第一季,1569,1412524800
灵感！,1560,1427904000
可塑性记忆,1552,1428076800
我的青春恋爱物语果然有问题。,1539,1365004800
关于完全听不懂老公在说什么的事 第一季,1530,1412179200
元气少女缘结神◎,1523,1420387200
西蒙 SIMOUN,1461,1144080000
我的女神 OVA,1451,730224000
我的女神 缤纷之翼,1449,1144252800
我的女神,1448,1104940800
调酒师,1422,1160755200
传颂之物,1388,1143993600
永生之酒,1359,1185379200
逮捕令 第一季,1340,844444800
悲惨世界 少女珂赛特,1314,1168099200
小女神花铃,1308,1175788800
濑户的花嫁,1270,1175356800
再造人卡辛,1219,1222876800
机动战士高达00,1192,1191600000
悠久之翼2,1182,1223308800
悠久之翼,1181,1191600000
轻声密语,1166,1254844800
天体战士,1159,1222963200
我们大家的河合庄,113,1396454400
魔神Z 真魔神 冲击！Z篇,1126,1238860800
秀逗魔导士 第二季,1113,828633600
犬神同学和猫山同学,110,1397059200
加奈日记,1091,1246723200
东京地震8.0,1080,1247068800
DARKER THAN BLACK -黑之契约者- 外传,1066,1264521600
凉宫春日的忧郁 2006,1056,1143907200
交响情人梦Finale,1041,1263398400
交响情人梦 巴黎篇,1040,1223481600
王牌投手 振臂高挥～夏日大会篇～,1016,1270051200
王牌投手 振臂高挥,1015,1176307200
女仆咖啡厅,992,1286380800
刀语,983,1264348800
玛莉亚†狂热 第二季,921,1302192000
滑头鬼之孙 第二季,900,1309622400
无口的森田小姐 2,888,1317744000
迷糊餐厅 WORKING’!!,867,1317398400
好想告诉你 第二季,858,1294070400
花开伊吕波,845,1301760000
我们仍未知道那天所看见的花的名字。,835,1302710400
暴力宇宙海贼,817,1325865600
交响诗篇 第一季,790,1113667200
坂道上的阿波罗,780,1334160000
恋爱随意链接,713,1341590400
邻座的怪同学,688,1349020800
无论何时我们的恋情都是10厘米。～告白实行委员会～,6470,1511539200
结城友奈是勇者 鹫尾须美之章&勇者之章,6448,1507305600
属性咖啡厅,6432,1507392000
长门有希酱的消失 OAD,6407,1445788800
魔女的考验【日语】,6375,1120233600
咕噜咕噜魔法阵 新系列,6332,1499788800
NEW GAME!!,6330,1499702400
舞动青春,6325,1499529600
黄金拼图 Pretty Days,6205,1478880000
Dimension W~维度战记~ OVA,6183,1495123200
精灵宝可梦 钻石&珍珠,6162,1159372800
精灵宝可梦 超世代,6161,1037808000
NEW GAME! OVA,6158,1493481600
斯特拉的魔法 OVA,6049,1487865600
MS动画图鉴 第二季,6046,1470931200
三千里寻母记,5948,189532800
龙的牙医,5933,1487347200
剧场版 银河机攻队Majestic Prince 觉醒的基因,5924,1478188800
神明之记,5909,1479916800
超级弹丸论破2.5 狛枝凪斗与世界的破坏者,5906,1484150400
青春之旅,59,1404748800
越狱兔 第4季,5871,1301068800
珈百璃的堕落,5793,1483891200
鬼平,5792,1483977600
猫咪日常,5786,1483804800
URARA迷路帖,5776,1483632000
偶像大师,5765,1339776000
KARNEVAL狂欢节,572,1364918400
喜欢上你的那个瞬间。～告白实行委员会～,5576,1481904000
光晕：传奇,5574,1266249600
吹響！上低音號 第二季（僅限台灣地區）,5551,1475683200
乌冬面之国的金色毛球,5525,1475942400
极道君漫游记,5502,922982400
精灵宝可梦 世代,5494,1473955200
女神异闻录5 -THE DAY BREAKERS-,5482,1472832000
雷顿教授与永远的歌姬,5472,1261152000
剧场版 快要坏掉的八音盒,5456,1284134400
最终幻想15 兄弟情,5454,1459353600
科学小飞侠Crowds SP,5421,1390492800
神龙之谜,5413,687628800
新战神金刚：传奇守护神,5384,1465488000
包在小可身上,5349,963590400
超次元游戏 海王星,530,1373558400
蔷薇少女 序曲,524,1166716800
蔷薇少女 梦之终结,523,1129737600
科学小飞侠Crowds,520,1373558400
跟班×服务,516,1372867200
玉响～more aggressive～,515,1372780800
齐木楠雄的灾难（日播&精选版）,5070,1467561600
魔法少女☆伊莉雅 3REI!!,5065,1467734400
月歌,5038,1467734400
小桃小栗Love Love物语,5016,1467302400
神奇宝贝：皮卡丘的鬼怪狂欢节,5008,1122825600
天堂之吻,4990,1129219200
拳皇的另一天,4984,1133452800
机动战士高达SEED HD,497,1325347200
名侦探柯南 侦探们的镇魂歌,4920,1590076800
名侦探柯南 战栗的乐谱,4784,1590076800
小凉宫春日的忧郁,4735,1234540800
茄子 带着旅行箱的候鸟,4714,1193155200
魔笛MAGI 第二季,471,1380988800
私立堀镡学园 番外篇,4638,1325347200
妖精的尾巴 剧场版 凤凰巫女,4498,1345219200
偶像大师 闪耀祭典,4455,1351094400
恋旅～True Tours Nanto～,4440,1367078400
来自风平浪静的明天,441,1380729600
中二病也要谈恋爱！恋 Lite,4351,1387987200
名侦探柯南：零的日常,43264,1664640000
间谍过家家 粤配版,43056,1664467200
结城友奈是勇者,4273,1413388800
上课小动作 OAD,4230,1388764800
特利迦奥特曼 泽塔篇,42119,1656691200
憨豆先生动画版 第三季 中文配音,41935,1653926400
团团奇米莫,41891,1657209600
社畜想被幼女幽靈療癒。（僅限港澳台地區）,41489,1649260800
怪物之子,4129,1436544000
三坪房间的侵略者！,4120,1405008000
四色战记 / RWBY 第三季,41135,1644076800
皮卡丘，这是什么的钥匙？,4107,1405699200
pop子和pipi美的日常 中配版,41011,1643558400
小林家的龙女仆 中配版,41009,1643299200
囝仔小短篇,4086,1404316800
不能播放,40536,1647187200
Q版猫和老鼠 第三季,39791,1636300800
田中君总是如此慵懒小剧场,3979,1460131200
舞-乙HiME Zwei,3973,1164297600
哆啦A梦 大雄的宇宙漂流记,3903,920649600
戴拿奥特曼,38989,1624636800
白沙的水族馆,38955,1625760000
转生成为了只有乙女游戏破灭Flag的邪恶大小姐 第二季,38922,1625241600
小林家的龙女仆 第二季,38921,1639670400
紫罗兰永恒花园 中配版,38877,1626192000
堀与宫村 中配版,38875,1626364800
我们的重制人生,38865,1625241600
蜡笔小新之黑暗珠珠大追击,3874,861379200
蜡笔小新之布里布里王国的秘密宝藏,3870,767030400
哆啦A梦 大雄的新魔界大冒险~7人之魔法使,3869,1173456000
哆啦A梦 大雄的魔界大冒险,3867,448300800
魔卡少女樱 知世的影像活跃日记,3858,946656000
潜行吧！奈亚子W OVA,3852,1382630400
潜行吧！奈亚子 OVA 温柔地解决敌人的方法,3851,1354204800
再见绝望先生 Blu-ray BOX化纪念话,3850,1327939200
SSSS.DYNAZENON（僅限港澳台地區）,38451,1617292800
義呆利 World ☆ Stars（僅限港澳台地區）,38444,1617206400
赛罗奥特曼 英雄传,38408,1617120000
持續狩獵史萊姆三百年， 不知不覺就練到LV MAX（僅限港澳台地區）,38394,1617984000
人类衰退之后 SP,3836,1341072000
逮捕令 剧场版 墨东署最大危机,3830,924883200
致不灭的你,38214,1619712000
未确认进行式 OAD,3797,1395936000
绝园的暴风雨,3786,1349280000
進擊的巨人 The Final Season（僅限港澳台地區）,37757,1607270400
校园迷糊大王 三学期,3751,1216224000
阿茹茉妮,3673,1393603200
怪物事变,36241,1610208000
无限滑板 / SK8 the Infinity,36211,1610208000
山田君与7人魔女 OAD,3586,1418745600
奇诺之旅 塔之国 -Free Lance-,3581,1112112000
超时空要塞 ZERO,3566,1040400000
超时空要塞F 恋离飞翼 后篇,3565,1298649600
超时空要塞F 虚空歌姬 前篇,3564,1258732800
Macross Plus 剧场版,3562,812995200
幻想嘉年华 Special Season,3553,1358265600
未确认进行式 OVA,3507,1395158400
黑塔利亚 World Series 第4期,3475,1284048000
黑塔利亚 Axis Powers 第2期,3474,1248624000
魔笛MAGI 辛巴达的冒险,3466,1460736000
三者三叶,3452,1460304000
勇者斗恶龙 达伊的大冒险,34425,1601654400
阿松 第三季,34423,1602518400
满溢的水果挞,34421,1602432000
忧国的莫里亚蒂,34408,1601049600
约战狂三外传,34405,1601395200
鬼灯的冷彻,3440,1389283200
异国迷宫的十字路口,3433,1309622400
知晓天空之蓝的人啊,34212,1598025600
海獭波乐 5th,33942,1585929600
宝石幻想 光芒重现,33807,1593792000
薄樱鬼 御伽草子,3377,1459785600
魍魉之匣,3374,1223308800
电影版 境界的彼方过去篇,3366,1426262400
怪谈餐厅,3363,1255363200
道子与哈金,3360,1224000000
佝偻猫 第二季,3351,1278086400
白箱（僅限港澳台地區）,33498,1412784000
夏娃的时间,3339,1217520000
江户川柯南失踪事件～史上最糟糕的两天～,33381,1588176000
辣妹與恐龍（僅限台灣地區）,33115,1586016000
湘南暴走族,3310,526662000
转生成为了只有乙女游戏破灭Flag的邪恶大小姐,33055,1586016000
阿尔蒂,33052,1585929600
爱书的下克上：为了成为图书管理员不择手段！ 第二部,33050,1586016000
水果篮子 第二季,33046,1586188800
甜梦猫,33045,1586016000
宝可梦 就决定是你了！,32934,1500048000
快要坏掉的八音盒,3292,1262016000
火影忍者 疾风传,3287,1452700800
银河英雄传说 我的征途是星辰大海,3284,571075200
兽械争霸,3276,937584000
他和她的故事,3275,907257600
One Off,3268,1349020800
湾岸MIDNIGHT,3262,1181836800
柴犬阿旺的和式生活,3255,1144166400
蛋黄酱萝莉,3233,1183651200
ID:INVADED（僅限港澳台地區）,31818,1578240000
科學超電磁砲T（僅限港澳台地區）,31817,1578672000
我家浴缸的二三事,311,1412524800
佛兰德斯的狗,2983,858355200
Re：从零开始的异世界生活 新编集版,29590,1577808000
拽妹黛薇儿 第四季,2956,951408000
.HACK//Quantum,2933,1296144000
打工吧！魔王大人,2932,1365004800
思维覆写,29317,1578153600
彩虹小马 小马国女孩3：友谊大赛,2900,1443196800
厨病激发男孩,28624,1570118400
香蕉喵 不可思议的伙伴们,28589,1569859200
超级小白,28577,1570982400
Fate/kaleid liner 魔法少女☆伊莉雅 Prisma☆Phantasm,28400,1566576000
电器街的漫画店,282,1412179200
魔法少女☆伊莉雅（僅限港澳台地區）,28136,1373558400
東京暗鴉（僅限港澳台地區）,28076,1381161600
女高中生的虛度日常（僅限台灣地區）,28068,1562256000
流汗吧！健身少女（僅限港澳台地區）,28063,1562083200
FLIP FLAPPERS（僅限港澳台地區）,28055,1475683200
高校星歌剧 第三季,28048,1561910400
机动战士高达 THE ORIGIN III：破晓起义,27808,1465488000
双面骑士,2776,1155916800
目隐都市的演绎者,27503,1397232000
高校星歌剧,2735,1443974400
黑塔利亚 The Beautiful World 第5期,2712,1359043200
秒速五厘米,2688,1172851200
一个人的〇〇小日子,26818,1554480000
剧场版 王室教师海涅,26619,1550332800
不愉快的怪物庵 续,26300,1546617600
茄子·安达卢西亚之夏,2622,1059148800
科学小飞侠Crowds insight,2612,1436025600
漂流武士 （僅限港澳台地區）,26019,1475769600
森林大帝 1989,26009,624124800
闪电十一人GO2 时空之石,26008,1334678400
学园孤岛,2592,1436371200
若叶女孩,2590,1435852800
OVERLORD,2576,1436198400
嫁给非人类,25711,1538496000
只要贝尔哲布布大小姐喜欢就好,25697,1539187200
书店里的骷髅店员本田,25663,1538928000
哆啦A梦 大雄的太阳王传说,2566,952704000
彩虹小马 小马国女孩4：无尽之森传奇,25656,1475251200
哆啦A梦 大雄的南海大冒险,2565,889200000
哆啦A梦 大雄与银河超特急,2564,825696000
哆啦A梦 大雄的创世日记,2563,794246400
哆啦A梦 大雄和白金迷宫,2561,731347200
哆啦A梦 大雄与云之王国,2560,699897600
哆啦A梦 大雄的天方夜谭,2559,668448000
哆啦A梦 大雄与动物行星,2558,636998400
哆啦A梦 大雄与铁人兵团,2554,511200000
哆啦A梦 大雄的宇宙小战争,2553,479750400
哆啦A梦 大雄的海底鬼岩城,2552,416246400
高达创战者 ​GM的逆袭,25345,1503590400
城市猎人 剧场版,2496,544723200
Fate/kaleid liner 魔法少女☆伊莉雅：雪下的誓言,24856,1517328000
工作细胞,24588,1530979200
Free!-Dive to the Future-,24570,1531238400
圣战士丹拜因,2433,413222400
小马宝莉 友谊的魔力 第八季,24266,1521820800
魔神坛斗士,2398,578329200
天空战记,2392,607795200
魔卡少女樱 Clear Card篇 序幕 小樱与两人的小熊,23910,1505232000
五星物语,2390,605548800
忍者少女千鸟～姐川·石山篇～,23857,1523030400
阿宅的恋爱真难,23856,1523548800
超能力女儿,23850,1522944000
姐姐来了,238,1389110400
蓝宝石之谜,2358,639936000
无责任舰长,2332,727891200
鬼神童子ZENKI,2319,789580800
四驱兄弟（中文）,2271,821030400
續 刀劍亂舞 -花丸-（僅限港澳台地區）,21754,1515340800
小木乃伊到我家,21720,1515686400
中二病也要谈恋爱！Lite,21683,1348675200
中二病也要谈恋爱！恋 SP,21682,1395158400
最游记RELOAD 埋葬篇,2148,1177603200
OVERLORD Ⅱ,21466,1515427200
最游记,2144,954777600
小小雪精灵,2119,1002038400
游戏王剧场版 光之金字塔,21109,1092326400
超能奇兵,2105,994176000
热带雨林的爆笑生活 DELUXE,2092,1030204800
头文字D Third Stage,209,979315200
真・女神转生 魔力宝贝,2081,970934400
天使的小生意气,2042,1018022400
东京猫猫,2040,1018022400
我们这一家 剧场版,2039,1019232000
夏娃的时间 剧场版,2004,1267804800
星空清理者,1996,1065196800
百变之星,1995,1049299200
明日的娜嘉,1992,1044115200
变形金刚 微型传说,1987,1042214400
双恋 Alternative,1938,1112716800
阴阳大战记,1929,1096473600
落叶,1927,1074182400
苍穹之法芙娜,1867,1088870400
武器种族传说,1836,1112630400
迷你偶像 2期,1727,1396281600
侦探歌剧 少女福尔摩斯 第二幕,1692,1325692800
侦探歌剧 少女福尔摩斯,1691,1286380800
竖笛与双肩书包 OAD,1676,1342454400
竖笛与双肩书包 2♪,1674,1333382400
竖笛与双肩书包,1673,1325692800
黑岩射手 / BLACK★ROCK SHOOTER,1665,1610294400
无头骑士异闻录,1656,1262793600
Fate/Zero 第一季,1650,1317398400
EVA 新世纪福音战士剧场版：Air / 真心为你,1630,869241600
罗德岛战记,162,646671600
灼眼的夏娜S,1605,1256227200
摸索吧！部活剧 第三季,1580,1428076800
幻界战线,1553,1428076800
苍之瞳的少女,1472,1144857600
翼年代记 第一季,1463,1112976000
素描簿,1344,1191168000
校园理想乡 学美向前冲！,1315,1168099200
彩云国物语,1299,1144425600
蓝龙,1281,1175875200
我家有个狐仙大人,1247,1207411200
超时空要塞 Frontier,1189,1207152000
超时空要塞 Macross,1187,402422400
空中秋千,1169,1255536000
天堂餐馆,1141,1239120000
天国少女,1133,1238860800
秀逗魔导士 第三季,1114,860083200
潘朵拉之心,1073,1238601600
DARKER THAN BLACK -流星的双子-,1065,1254931200
凉宫春日的忧郁 2009,1057,1238601600
玛莉亚†狂热,920,1230998400
无口的森田小姐,887,1309795200
UN-GO 因果论,869,1318435200
纯白交响曲,868,1317657600
迷糊餐厅 WORKING!!,866,1270310400
MINUSCULE ～小昆虫的故事～,808,1333728000
武装神姬,741,1349280000
散华礼弥,710,1333555200
干物妹！小埋R,6446,1507392000
魔法使的新娘（僅限台灣地區）,6438,1507392000
Just Because!,6427,1507219200
品酒要在成为夫妻后,6423,1507046400
黑色四叶草,6422,1506960000
异世界食堂,6310,1499097600
南家三姐妹 欢迎回来,622,1230998400
雏子的笔记,5993,1491494400
樱花任务,5992,1491408000
高校星歌剧 第二季,5973,1491235200
Hello Kitty的天堂,5941,662659200
侦探歌剧 夏日特别篇,5937,1314201600
吹響！上低音號 ​~歡迎來到北宇治高校吹奏樂部~（僅限台灣地區）,5930,1461340800
BanG Dream!,5807,1484928000
MARGINAL#4 从KISS开始创造Big Bang,5804,1484150400
精灵宝可梦 剧场版8：梦幻与波导的勇者路卡利欧,5752,1121443200
精灵宝可梦 剧场版10：决战时空之塔帝牙卢卡VS帕路奇犽VS达克莱伊,5750,1184342400
斩首循环 蓝色学者与戏言跟班,5621,1477411200
海獭波乐,5615,1459526400
从很久以前就喜欢你了。～告白实行委员会～,5575,1461340800
Classica Loid,5521,1475856000
骑行少女,5518,1475856000
JOKER GAME SP,5498,1469548800
三者三叶 特典,5464,1467129600
兔丸,5437,1470326400
魔法战士李维,5323,986227200
喜剧,5255,1012838400
新蔷薇少女,525,1372867200
现视研 二代目,519,1373040000
侦探学园Q,5158,1050336000
有顶天家族,507,1373126400
驱魔少年 HALLOW,5030,1467648000
香蕉喵,5026,1467561600
大魔法峠,4926,1144166400
秋之回忆5 中断的胶片,4916,1148486400
超剧场版 Keroro军曹2 深海的公主,4820,1174060800
地狱少女 三鼎,4751,1223049600
鹤屋和熏干酪,4734,1234540800
夏日大作战,4694,1249056000
SD高达三国传 Brave Battle Warriors,4680,1270224000
青春纪行 / 金色时光,468,1380729600
偷影子的老鼠,4626,1325347200
黑执事II,4586,1277913600
给桃子的信,4544,1334937600
虹色萤火虫～永远的暑假～,4540,1337356800
未来都市No.6,4479,1309968000
对某飞行员的追忆,4462,1317398400
魔王勇者,444,1357228800
旋风管家 Cuties,4435,1365350400
热血少年,4404,1373126400
Free!,4394,1372780800
兄弟战争,4391,1372694400
大怪兽RUSH,4384,1379433600
我家师傅没有尾巴,43147,1664467200
因为是反派大小姐所以养了魔王,43146,1664553600
蓝色监狱,43145,1665244800
DEPTH OF FIELD ～ 爱与憎恨的剧场,4300,1355846400
猫和老鼠喜剧秀（1980）,42922,1661788800
小林家的龙女仆 第二季 中配版,42320,1658678400
赛文加格斗,41948,1654012800
憨豆先生动画版 第二季 中文配音,41933,1653926400
尽管如此世界依然美丽,4152,1396627200
歌愈少女,41509,1654444800
辉夜大小姐想让我告白 -究极浪漫-,41411,1651161600
Ｄｒ．ＳＴＯＮＥ 石纪元 粤配版,40798,1643558400
巴哈姆特之怒 GENESIS,4058,1412524800
一杆青空,40273,1642694400
白领羽球部,40260,1645804800
天才王子的赤字国家振兴术,40142,1641830400
真魔神英雄传 魔神山篇,4000,618246000
飞翔的魔女 小剧场,3990,1460131200
新猫和老鼠 第一季,39818,1636300800
舞-乙HiME 0～S.ifr～,3974,1203609600
鲁邦三世： sweet lost night~魔法的神灯是噩梦的预感~,3946,1216915200
鲁邦三世：炎之记忆 东京危机,3945,901209600
鲁邦三世：沃尔特P38,3943,870364800
RE-MAIN：少年与水球,39333,1633881600
命运-冠位指定 -月光／失落之室-,39258,1632931200
初高中同校！！鬼灭学园物语,39147,1627228800
哆啦A梦 大雄的秘密道具博物馆,3898,1362758400
我，小怼,38964,1625241600
蜡笔小新 呼风唤雨黄金的间谍大作战,3892,1302883200
蜡笔小新 呐喊!春日部野生王国,3890,1239984000
蜡笔小新 呼风唤雨！会唱歌的屁股炸弹,3888,1177084800
蜡笔小新 呼唤传说！三分钟嘎巴大进攻,3886,1113580800
哆啦A梦 新大雄的恐龙,3872,1141401600
头文字D Extra Stage,38710,1621094400
蜡笔小新之云黑斋的野心,3871,797875200
蜡笔小新之动感超人大战泳装魔王,3868,743443200
哆啦A梦 大雄和发条都市冒险记,3864,857750400
干支魂～猫客万来～,38515,1621958400
与汪汪喵喵同居的开心日常 中配版,38499,1617292800
給不滅的你（僅限港澳台地區）,38445,1618243200
强袭魔女 剧场版,3843,1331913600
戰鬥員派遣中！（僅限港澳台地區）,38395,1617465600
在盛夏等待 特别篇,3837,1409241600
交响情人梦 OAD,3835,1249833600
向阳素描×SP,3825,1319817600
伊甸星原 EDENS ZERO,38230,1618070400
打了300年的史莱姆，不知不觉就练到了满级,38229,1617984000
向阳素描×365 特别篇,3822,1255708800
向阳素描×☆☆☆ 特别篇,3821,1288108800
猫猫日本史,38204,1615219200
向阳素描 特别篇,3820,1192636800
教教我吧 北斋！,38180,1614960000
图书馆战争 革命之翼,3805,1339776000
滑头鬼之孙 ～奴良组事始～,3798,1362326400
女神异闻录3 剧场版 #3 Falling Down,3758,1428076800
女神异闻录3 电影版 第二章：仲夏骑士之梦,3757,1402070400
初音岛II S.S.,3745,1207324800
小不点社长,36389,1609430400
天地创造设计部,36202,1610035200
奇诺之旅 活着的目标 -life goes on.-,3583,1108742400
奇诺之旅 疾病之国 -For You-,3582,1177084800
全金属狂潮 TSR OVA 战队长悠闲的一天,3572,1148572800
Macross Plus OVA,3561,777744000
幻想嘉年华 EX Season,3552,1322236800
FORTUNE ARTERIAL -赤之约束- OAD,3525,1298649600
我们大家的河合庄 SP,3505,1396454400
问题儿童都来自异世界？ OVA 温泉漫游记,3490,1374336000
小碧蓝幻想！,34714,1602086400
总之就是非常可爱,34230,1601654400
无敌看板娘,3406,1151942400
萌菌物语,3405,1192032000
境界的彼方,3365,1380643200
怪盗基德1412（中配）,33394,1588176000
邪神與廚二病少女 第二季（僅限港澳台及其他地區）,33101,1586102400
ARGONAVIS from BanG Dream! 梦想协奏曲,33032,1586534400
公主连结Re:Dive,32963,1586102400
攻壳机动队 SAC_2045,32907,1587571200
舞力四射,3241,1411833600
依巴拉度~时间篇,3156,1183478400
告訴我！辣妹子醬（僅限港澳台地區）,3117,1452355200
Re：从零开始的异世界生活 冰结之绊,31151,1588262400
银河铁道之夜 2006,3053,1150473600
银河铁道之夜,3041,490032000
白色相簿 下半篇章,2987,1254412800
格林童话剧场【中文】,2981,561744000
天体的秩序,296,1412438400
魔女的考验【中文】,2952,1120233600
魔法纪录 魔法少女小圆外传,29076,1578153600
记录的地平线 第二季,290,1412352000
這個勇者明明超TUEEE卻過度謹慎！（僅限台灣地區）,28686,1569945600
入间同学入魔了,28638,1570204800
邻座的怪同学 OAD,2857,1376236800
爱书的下克上：为了成为图书管理员不择手段！,28546,1570032000
影鳄,2848,1443715200
电影版 境界的彼方未来篇,2844,1429891200
Fate/stay night [Unlimited Blade Works] 特典,2843,1444147200
春原莊的管理員小姐（僅限港澳台地區）,28321,1530720000
命运-冠位指定 绝对魔兽战线 巴比伦尼亚,28320,1570291200
你遭難了嗎？（僅限港澳台地區）,28012,1561996800
家有穆珂,2794,1443801600
K MISSING KINGS,2793,1405094400
樱子小姐的脚下埋着秘密,2742,1444147200
野良神,2731,1388851200
机动战士高达 铁血的奥尔芬斯 第一季,2723,1443888000
骇客娃娃,2721,1443715200
黑塔利亚 World Series 第3期,2711,1269532800
滿腦都是○○的我沒辦法談戀愛（僅限台灣地區）,26953,1554480000
RobiHachi,26917,1554652800
穿越时空的少女,2687,1152892800
植木的法则,2659,1112544000
无头骑士异闻录×2 转,2595,1435939200
宇宙战舰提拉米斯II,25806,1538409600
逆转裁判 第二季,25740,1538755200
魔法少女☆伊莉雅 2WEI!,2574,1404835200
Charlotte,2572,1435939200
弦音 -风舞高中弓道部-,25696,1540137600
幸腹涂鸦,2569,1420646400
彩虹小马 魔法公主特别篇,25653,1502121600
ANIMAYELL!,25624,1538928000
哆啦A梦 大雄与日本诞生,2557,605548800
哆啦A梦 大雄与龙骑士,2555,542649600
哆啦A梦 大雄的恐龙,2549,321897600
命运之夜  06版,25210,1136476800
剧场版 Free!-Timeless Medley,25101,1492790400
邪神与厨二病少女,24630,1531065600
Angels of Death,24625,1530806400
橙路,2418,544636800
超能力魔美,2412,544723200
索尼克音爆,24112,1447430400
琴之森,23851,1523203200
棒球大联盟 2,23821,1523030400
魔法使的新娘 等待繁星之人（僅限台灣地區）,23356,1473436800
魔法骑士,2325,782323200
新机动战记高达W TV版,2317,797270400
近所物语,2315,810662400
十二生肖守护神,2311,797184000
OVERLORD Ⅱ SP,23043,1515513600
大运动会,2285,875808000
四驱兄弟WGP（中文）,2272,852480000
魔卡少女樱 香港之旅,2270,935164800
未来卡 搭档对战,222,1388764800
打工小哥,21749,1515081600
银河冒险战记 the second stage,2162,1002211200
如果有○○就好了。,21478,1507478400
剧场版 笑傲昙天(外传) 「前篇」,21326,1512144000
热带雨林的爆笑生活,2091,986227200
灰羽联盟,2074,1034092800
盗贼王Jing,2071,1021392000
火球 幽默之章,20603,1507219200
全金属狂潮,2015,1010419200
最终流放,2014,1049644800
瓶诘妖精,2008,1065196800
铳墓,1994,1065369600
宇宙星路,1985,1049212800
拜托了！双子星,1971,1058198400
十兵卫 心形眼罩的秘密,1946,923241600
遥远时空中 舞一夜,1884,1155916800
枪心剑刃,1862,1120406400
神是中学生,1858,1119974400
机兽起源,1837,1113062400
变形金刚 银河之力,1830,1105200000
太空堡垒 第一季,1805,478713600
纸箱战机 第一部,1695,1298995200
BLACK★ROCK SHOOTER OVA,1666,1279900800
网球优等生 第二期,1652,1428163200
EVA 新世纪福音战士剧场版：死与新生,1637,858355200
灼眼的夏娜 OVA 恋爱与温泉的校外学习！,1607,1165507200
灼眼的夏娜III -Final-,1603,1317916800
来自新世界,1598,1348761600
Fate/stay night [Unlimited Blade Works] 第二季,1587,1428076800
Fate/stay night [Unlimited Blade Works] 第一季,1586,1412352000
攻壳机动队 S.A.C. SSS 3D,1566,1301068800
食戟之灵,1559,1427990400
无头骑士异闻录×2 承,1505,1420819200
翼年代记 第二季,1464,1146240000
我的女神 小不隆咚便利多多,1450,891792000
贫穷姐妹物语,1434,1151510400
后天的方向,1414,1159977600
魔界战记 迪斯凯亚,1390,1144080000
我们的存在,1383,1152028800
物怪,1349,1191254400
魔人侦探食脑奈罗,1331,1191254400
彩云国物语 第二季,1300,1175875200
奔向地球,1272,1175875200
Stories of Last Letter,1262,1199462400
GA 艺术科美术设计班,1153,1246809600
胡子小鸡,1122,1238688000
迷你偶像,106,1356969600
超级机器人大战OG -DIVINE WARS- 第一季,1001,1286208000
海月姬,995,1286985600
传说中勇者的传说,984,1277913600
大神与七位伙伴,981,1277913600
真的有呀！灵媒先生,938,1302537600
滑头鬼之孙,899,1278259200
UN-GO episode: 0 因果论,871,1321632000
便·当,864,1318003200
翡翠森林狼与羊秘密的朋友,796,1333555200
战国Collection,795,1333555200
夏色奇迹,787,1333555200
薄樱鬼 雪华录,764,1312473600
夏雪密会,760,1612108800
K,685,1349280000
初音岛,656,1057334400
宣告黎明的露之歌,6514,1495123200
学园偶像 阳光!! 第二季,6433,1507305600
偶像大师 SideM,6431,1507305600
食戟之灵 餐之皿,6419,1506960000
闪电十一人 GO,612,1304524800
成年女性的动画时间 第二季,604,1294416000
机动战士高达 雷霆宙域战线 第二季,6007,1490284800
王室教师海涅,5990,1491321600
莉露莉露妖精莉露～魔法之镜～,5958,1491494400
不要输！！恶之军团！,5956,1491321600
精灵宝可梦 剧场版1：超梦的逆袭,5758,900691200
精灵宝可梦 剧场版2：幻之宝可梦 洛奇亚爆诞,5757,932140800
不愉快的怪物庵,5678,1546617600
约会大作战 万由里裁决,5630,1440172800
重装甲少女组,5616,773596800
OVERLORD OAD,5584,1475164800
天使之卵,5582,504028800
忍者少女千鸟,5549,1475510400
学园帅哥,5543,1475424000
斯特拉的魔法,5540,1475424000
WWW.迷糊餐厅,5507,1475337600
喵阿楞,5504,1474905600
高校星歌剧 OVA,5469,1469548800
托尔与洛基：血亲,5448,1293811200
神秘岛,5418,999273600
我的长腿叔叔,5397,631382400
心跳回忆,5358,929548800
大都会,5311,990806400
大~集合！小魔女DoReMi 青蛙石的秘密,5300,995040000
猫神八百万 SP,5269,1310140800
公主候补生佑希,5228,1033315200
弱酸性百万亚瑟王,5206,1447948800
名侦探柯南 银翼的魔术师,5142,1590076800
蒸汽男孩,5137,1089993600
名侦探柯南 水平线上的阴谋,5085,1590076800
食戟之灵 贰之皿,5017,1467388800
强殖装甲凯普,5007,1123257600
灼眼的夏娜炭,4949,1138118400
爆丸 粤语版,4790,1175702400
罗密欧与朱丽叶,4779,1175616000
神奇宝贝不可思议的迷宫 时之探险队・暗之探险队,4773,1189267200
名侦探柯南 漆黑的追踪者,4724,1590076800
.hack//世界的彼方,4620,1327075200
流★星LENS,4603,1332000000
Blossom,4584,1332518400
魔神凯撒SKL,4542,1296144000
拜托了 爱因兹贝伦咨询室,4471,1347984000
翠星之加尔刚蒂亚,445,1365264000
伏 铁炮娘的捕物帐,4303,1350662400
德凯奥特曼（中配）,42187,1657296000
「鬼灭之刃」交响音乐会～鬼灭之奏～,41601,1650988800
奥特银河格斗 新生代英雄,41038,1643558400
小怪兽成长日记 蹒跚学步 第二季,41034,1643558400
奥特银河格斗 巨大阴谋,41028,1643558400
潜行吧！奈亚子 Remember My Love,408,1291910400
干物妹！小埋 粤配版,40753,1642348800
笑对阴天,4060,1412265600
指名！,40264,1641571200
无口的森田小姐 OAD,4002,1327593600
魔神英雄传 永恒传说,4001,725817600
银河英雄传说 新战争的序曲,3993,756144000
新猫和老鼠 第二季,39873,1636300800
舞-乙HiME,3972,1128528000
本田小狼与我,39575,1661961600
鲁邦三世：通往恶魔岛,3949,996768000
男孩遇见女孩,39483,1635523200
鲁邦三世：1美元的战争,3948,964713600
新飞天小女警 第三季,39473,1643299200
鲁邦三世 第六季,39468,1634400000
烧窑的话也要马克杯 第二季,39453,1635523200
鲁邦三世：俄罗斯之恋,3934,711907200
鲁邦三世：DEAD OR ALIVE,3932,829929600
哆啦A梦 新大雄的大魔境~扁扁与5人之探险队,3901,1394208000
工作细胞 第二季（中配版）,38994,1624636800
哆啦A梦 大雄与奇迹之岛～动物历险记～,3893,1330704000
哆啦A梦 大雄的人鱼大海战,3883,1267804800
哆啦A梦 大雄与机器人王国,3866,1015603200
哆啦A梦 大雄和长翅膀的勇士们,3865,984153600
玉响～more aggressive～ OVA,3849,1402070400
MARS RED（僅限港澳台地區）,38455,1617638400
SHADOWS HOUSE-影宅-（僅限港澳台地區）,38443,1618070400
强袭魔女:胜利之箭行动,3844,1418313600
戴拿奥特曼（中配）,38401,1617120000
头文字D Legend1 -觉醒-,3838,1408723200
薄樱鬼 第一章 京都乱舞,3833,1377273600
龙先生，想要买个家,38237,1618070400
机器人少女Z+,3802,1432051200
零之使魔～三美姬的轮舞～OVA,3790,1230134400
小猪佩奇 第一季 英文版,37595,1609344000
校园迷糊大王 二学期,3750,1143907200
美少年侦探团,36364,1621094400
世界魔女出发！,36288,1610467200
文学少女 剧场版,3575,1272643200
莉露莉露妖精莉露～妖精之门～,3574,1454688000
翠星之加尔刚蒂亚～遥远的巡回航路～,3568,1416499200
超时空要塞 Flash Back OVA,3558,551199600
美妙天堂 第三季,3532,1459785600
影鳄 承,3499,1459440000
棺姬嘉依卡 OVA,3485,1425571200
"黑塔利亚 剧场版 银幕HETALIA Axis Powers Paint it, White",3480,1275667200
Concrete Revolutio 超人幻想 第二季,3465,1459699200
在下坂本，有何贵干？,3450,1460044800
黑子的篮球 第2期 OVA,3443,1403193600
光之战记－ZUERST－,34417,1602518400
无能力者娜娜,34416,1601049600
A3!满开剧团 秋组&冬组篇,34400,1602518400
OVERLORD SP,3428,1438617600
干物妹！小埋 OVA,3421,1445184000
魔王學院的不適任者～史上最強的魔王始祖，轉生就讀子孫們的學校～（僅限台灣地區）,33866,1593878400
Lapis Re:LiGHTs（僅限港澳台地區）,33864,1593792000
Re：從零開始的異世界生活 第二季（僅限港澳台地區）,33860,1594137600
宇崎学妹想要玩！,33800,1594310400
列比乌斯/Levius,33597,1590595200
青之文学,3341,1255104000
怪盗基德（中配）,33395,1588176000
昨日之歌,33006,1586016000
宝可梦 我们的故事,32935,1531411200
火球,3232,1207497600
大图书馆的牧羊人,323,1412697600
神不在的星期天,3145,1373040000
房东青春期！,3116,1452355200
无头骑士异闻录×2 结,3101,1452268800
英国恋物语艾玛 第二幕,2999,1176998400
英国恋物语艾玛,2998,1112371200
BLACK CAT,2980,1128528000
地缚少年花子君,29342,1578585600
A3!满开剧团,29307,1578931200
侦探歌剧 少女福尔摩斯 OVA,2921,1345824000
狼雨,2913,1041782400
四娘物语,2906,1204214400
入間同學入魔了（僅限台灣地區）,28682,1570204800
浦岛坂田船的日常,28629,1569945600
美妙射击部,28621,1570896000
高达创形者 再起,28593,1570636800
浪漫追星社,2849,1246896000
女神异闻录3 剧场版 #1 Spring of Birth,2845,1385136000
JOJO的奇妙冒險 不滅鑽石（僅限台灣地區）,28199,1459353600
竞女（僅限港澳台地區）,28061,1475683200
騷亂時節的少女們。（僅限台灣地區）,28022,1562342400
不可思议星球的双胞胎公主 Gyu,2796,1143820800
超剧场版 Keroro军曹3 Keroro 对 Keroro 天空大决战,27809,1204300800
超剧场版 Keroro军曹4 龙勇士的逆袭,27794,1236355200
超剧场版 Keroro军曹5 诞生！究极Keroro奇迹的时空岛！,27793,1267200000
落第骑士英雄谭,2743,1443801600
Concrete Revolutio 超人幻想 第一季,2741,1443888000
野良神 ARAGOTO,2732,1443715200
黑塔利亚 Axis Powers,2708,1232899200
一弦定音！（僅限港澳台地區）,26959,1554566400
叛逆性百万亚瑟王 第二季,26880,1554307200
萝球社！SS,2683,1372953600
萝球社！,2682,1309449600
ULTRAMAN 机动奥特曼,26765,1554134400
境界线上的地平线,2676,1317398400
星球流浪记,2662,1066233600
LOVE STAGE!!（僅限港澳台地區）,26468,1404835200
剑风传奇 新作（僅限台湾地區）,26163,1467302400
Akubi girl,26156,1143907200
乌瑟的穷困生活 梦幻篇,2615,1435852800
多罗罗,26146,1546704000
洲崎西 THE ANIMATION,2593,1436284800
噬神者,2591,1436630400
沒有黃段子的無聊世界（僅限港澳台地區）,2586,1435939200
关于我转生变成史莱姆这档事,25739,1538409600
狗狗向前冲,25535,1061136000
哆啦A梦 大雄的大魔境,2551,384796800
哆啦A梦 大雄的宇宙开拓史,2550,353347200
高达创战者 战斗部落（BATTLOGUE）,25420,1501776000
海螺小姐,2486,-7632000
铁甲飞天侠,2482,86976000
甜甜私房猫 第四季,24728,1523116800
打工小哥！之2！,24613,1530806400
OVERLORD Ⅲ,24596,1531152000
付丧神出租中,24586,1532275200
全金属狂潮 总集篇,24534,1511539200
剧场版 笑傲昙天(外传) 「中篇」,24287,1528473600
剧场版总集篇 OVERLORD 不死者之王,24255,1487952000
GO!GO!575,241,1389196800
鹿枫堂 （中配）,23976,1523376000
LOST SONG 失落的歌谣,23879,1522425600
冷然之天秤,23848,1522512000
敦君与女朋友,23838,1522944000
盖塔机器人,2352,134236800
横山光辉三国志,2347,687715200
青兰圆舞曲,2346,679417200
咕噜咕噜魔法阵,2326,781977600
H2 好逑双物语,2316,801936000
街头霸王2 V,2308,797443200
樱花大战 TV版,2290,955123200
百變小櫻Clear咭（僅限港澳地區）,22843,1515254400
烈火之炎,2283,869241600
魔术士奥芬,2268,907344000
傀儡师左近,2199,939312000
刻刻,21755,1515340800
学校怪谈,2171,972144000
最后的吸血鬼,2170,974476800
幻影死神,2150,947001600
最游记RELOAD,2145,1065024000
头文字D Fifth Stage,211,1352390400
圣石小子,2100,1002902400
X战记,2098,1002038400
Di Gi Charat,2085,943977600
迷糊天使,2075,1018108800
安倍桥魔法☆商店街,2043,1017849600
铁胆火车侠 第一季,2031,859910400
驭龙少年,2026,1025712000
天使怪盗,2012,1049299200
读或死 OVA,1968,990547200
舞-HIME,1922,1096473600
心动的日子,1864,1105200000
波子汽水,1846,1128873600
激战奥雷卡,1726,1396800000
BUDDY COMPLEX,1722,1388851200
攻壳机动队 S.A.C. Solid State Society,1705,1157040000
网球并不可笑嘛 第一季,17,1349539200
纸箱战机W,1696,1326816000
萌菌物语 Returns,1687,1341417600
你好七叶 第二季,1680,1365177600
你好七叶 第一季,1679,1349452800
黑魔女学园,1669,1333468800
罗德岛战记-英雄骑士传-,163,891360000
黑子的篮球 第3期,1626,1420819200
灼眼的夏娜 剧场版,1609,1177084800
灼眼的夏娜,1600,1128441600
搞笑漫画日和＋,1596,1262534400
搞笑漫画日和,1593,1107705600
摸索吧！部活剧 再来一个,1579,1389369600
摸索吧！部活剧,1578,1380902400
伪恋：,1574,1428595200
歌之☆王子殿下 真爱2000%,1562,1364918400
歌之☆王子殿下 真爱1000%,1561,1309536000
血型君2,1519,1420560000
路人女主的养成方法,1512,1420646400
大家集合！Falcom学园 第二季,1490,1420300800
不可思议星球的双胞胎公主,1476,1112371200
学园天堂,1466,1143820800
工作狂人,1412,1160582400
心跳回忆 ONLY LOVE,1410,1159718400
武装炼金,1408,1159891200
奇幻贵公子,1406,1159804800
死神的歌谣,1395,1141228800
仰望半月的夜空,1391,1136995200
僵尸借贷,1371,1183392000
逮捕令 OVA,1343,780336000
MYSELF;YOURSELF,1338,1191254400
SOLA,1302,1175788800
虎子,1223,1222790400
神薙,1185,1223049600
NEEDLESS,1147,1246464000
夏之岚,1135,1238860800
豹头王传说,1131,1238860800
白色相簿 上半篇章,1078,1230912000
超级机器人大战OG -DIVINE WARS- 第二季,1002,1285948800
神的记事本,897,1309536000
零之使魔F,821,1325865600
零之使魔,818,1151769600
希望宅邸3D 第一季,775,1333382400
薄樱鬼 碧血录,762,1285948800
薄樱鬼,761,1270224000
超速变形GYRO ZETTER,744,1349107200
如果能写小说就好了,6440,1507392000
偶像大师灰姑娘剧场 第二季,6424,1506960000
BanG Dream! OVA,6398,1503158400
地狱少女 宵伽,6341,1500048000
网球并不可笑嘛 第九季,6337,1499788800
人马少女的烦恼,6326,1499529600
笨女孩,6311,1499097600
新机动战记高达W 无尽的华尔兹,6058,854121600
海獭波乐 2nd,6041,1459526400
埃罗芒阿老师,5997,1491667200
爱丽丝与藏六,5995,1491062400
武装少女,5985,1491321600
偶像大师灰姑娘剧场,5966,1491235200
忍者少女千鸟～伊势・金崎篇～,5965,1491494400
爆音少女!! OAD,5921,1458230400
重力异想世界2 序章,5833,1482595200
Rewrite 2nd Season,5806,1484323200
阿松 SP 赛马轶事,5763,1481558400
精灵宝可梦 XY,5762,1381939200
精灵宝可梦 剧场版4：雪拉比穿梭时空的相遇,5756,994435200
精灵宝可梦 剧场版6：七夜的许愿星基拉祈,5754,1058544000
网球并不可笑嘛 第八季,5561,1475596800
灼热乒乓妹,5539,1475510400
战国鸟兽戏画 ~甲~,5527,1475942400
SHOW BY ROCK!! 第二季,5520,1475424000
钢铁交响乐,5517,1475942400
终末的伊泽塔,5513,1475251200
失忆症 SP,5490,1380038400
世界征服 谋略之星 OVA,5445,1413302400
水晶版 雷公 雷的传说,5272,1009641600
纯情房东俏房客 Again,5250,1011974400
攻壳机动队 塔奇克马的日常,5171,1033401600
头文字D Legend3 -梦现-,5126,1454688000
人造人009,5108,1002988800
Active Raid -机动强袭室第八课- 2nd,5055,1468080000
男子高校生活,5033,1467648000
限制级杀手,495,1381334400
初夏,4876,1161878400
七色星露,4763,1183305600
武士弗拉明戈,476,1381334400
地狱天使,4748,1224259200
弹丸论破,4400,1372867200
夜樱四重奏 月之泣,4383,1381248000
告白实行委员会 嫉忌的答复,4356,1416931200
告白实行委员会 告白预演,4355,1390924800
旋风管家 CAN'T TAKE MY EYES OFF YOU,4341,1349193600
魔法少女☆伊莉雅 2wei Herz! SP,4319,1443110400
飙速宅男 突破极限,43154,1665331200
恶魔之谜,4205,1396454400
约会大作战,4188,1365091200
琴浦小姐,417,1357747200
告白实行委员会 我于此刻恋上你,4140,1436889600
干物妹！小埋R 粤配版,40754,1643731200
Re：从零开始休息时间,4026,1460044800
新猫和老鼠 第三季,39902,1636905600
鲁邦三世：爱的记号~ 不二子不幸的一天,3947,933264000
鲁邦三世：Master File,3938,1332864000
鲁邦三世：拿破仑词典争夺战,3931,681663600
哆啦A梦 新大雄的宇宙开拓史,3878,1236355200
捷德奥特曼,38412,1617120000
雷欧奥特曼（中配）,38400,1617120000
泽塔奥特曼（中配）,38398,1617120000
头文字D Legend2 -斗走-,3839,1432310400
妖怪手表,38366,1634227200
薄樱鬼 第二章 士魂苍穹,3832,1394208000
纯白之音,38241,1617379200
魔法禁书目录 炭,3784,1232640000
青春之旅 OAD,3782,1408896000
裏世界遠足（僅限港澳台地區）,37788,1609689600
今天开始做魔王 第二季,3765,1112371200
我的女神 剧场版,3760,972057600
佐佐桑比,36664,1607356800
怪病医拉姆尼,36286,1610208000
魔女的使命 OVA,3502,1420560000
机动战士高达独角兽(UC) RE:0096,3496,1459612800
魔法少女☆伊莉雅 OVA,3476,1394121600
宇崎學妹想要玩！（僅限港澳台及其他地區）,33913,1594310400
千岁 Get You!!,3352,1341072000
超異域公主連結☆Re:Dive（僅限港澳台地區）,33095,1586102400
非枪人生 第二季,33021,1594310400
神之塔,32974,1585670400
动物新世代 / BNA,32905,1584720000
东京糖衣巧克力,3254,1197993600
世嘉硬件女孩,321,1412697600
牙狼 -炎之刻印-,3209,1412265600
理科生墜入情網，故嘗試證明。（僅限港澳台地區）,31819,1578585600
粗点心战争,3120,1452096000
无敌超人赞波3,3082,245088000
复活！小猫咪,2990,1443628800
宝石商人理查德的谜鉴定,29343,1578585600
22/7,29109,1578672000
真实之泪,2910,1199462400
Fate/stay night UNLIMITED BLADE WORKS,29006,1264176000
心之彼端2,2888,1128268800
火球 魅力之章,2885,1301846400
英雄传说 空之轨迹,2882,1322150400
小書痴的下剋上:為了成為圖書管理員不擇手段!（僅限台灣地區）,28693,1570032000
无口的森田小姐 OVA,2861,1300982400
放学后桌游俱乐部,28547,1570032000
只要長得可愛，即使是變態你也喜歡嗎？（僅限台灣地區）,28015,1562515200
实况主的逃脱游戏,28000,1562428800
网球并不可笑嘛 第六季,2792,1443974400
小森同学拒绝不了！,2744,1443888000
重装武器,2740,1443715200
不思议美眉,2733,1444147200
K RETURN OF KINGS,2725,1443715200
香蕉怪大叔 呐呐~呐 好奇洞穴乐园（第二季）,26881,1554912000
海獭波乐 4th,26878,1555689600
偶像大师灰姑娘剧场 第四季（TV版）,26876,1554134400
欢迎来到宇宙SHOW,26763,1277481600
怪物猎人物语 RIDE ON 第二季,26460,1475337600
网球并不可笑嘛 第五季,2604,1436112000
圣子到,26011,860428800
新网球王子 OVA 对战Genius10,2598,1414512000
那就是声优！,2588,1436198400
能继续奔跑下去真是太好了。,25856,1538928000
Classroom☆Crisis,2582,1435852800
干物妹！小埋,2580,1436284800
Double Decker! 道格&基里爾（僅限港澳台地區）,25605,1538236800
剧场版 笑傲昙天(外传) 「后篇」,25450,1535731200
Punch Line,2541,1428508800
OVERLORD Ⅲ SP,25131,1531152000
偶像大师灰姑娘剧场 第三季（WEB版）,24961,1530547200
剧场版总集篇 OVERLORD 漆黑的英雄,24959,1489161600
搖曳莊的幽奈小姐（僅限港澳台地區）,24593,1531497600
宇宙战舰大和号,2451,150220800
未来卡 神搭档对战,24416,1527868800
城市猎人 SP,2415,544723200
魔法少女 俺（中配）,23942,1522598400
魔法少女 俺,23871,1522598400
銀河英雄傳說：全新命題 邂逅（僅限港澳台地區）,23870,1522684800
失憶融合WIXOSS（僅限港澳台地區）,23820,1523030400
狡猾飞天德,2348,684255600
樱花大战 OVA1 樱华绚烂,2291,882374400
CLAMP学园侦探团,2281,862588800
机器人少女Z,218,1388764800
异世界居酒屋～古都阿伊特力亚的居酒屋阿信～,21785,1523548800
银河冒险战记,2161,970502400
宅饮,21594,1515686400
天使特警,2059,1034006400
人鱼之森,1965,1065196800
十兵卫2 西伯利亚柳生的反击,1947,1073404800
风人物语,1934,1094832000
月咏-MOON PHASE-,1920,1096819200
不可思议的教室,1844,1120320000
昭和物语,1739,1301760000
VIVIDRED OPERATION,1731,1357747200
游☆戏☆王 5D's OVA 进化的决斗！星尘龙 VS 真红魔龙,1721,1207152000
战斗之魂 第七季,1688,1427904000
DOG DAYS,1631,1301673600
黑子的篮球 第2期,1625,1380902400
搞笑漫画日和2,1594,1154707200
伪恋,1573,1389369600
歌之☆王子殿下 真爱REVOLUTIONS,1563,1428076800
长门有希酱的消失,1558,1427990400
偶像大师 灰姑娘女孩,1509,1420732800
大家集合！Falcom学园,1489,1388851200
南瓜剪刀,1409,1159718400
MAPLESTORY,1348,1191686400
BLUE DROP 天使们的戏曲,1335,1191254400
紫音之王,1330,1192204800
幻影少年,1255,1207497600
S.A特优生,1245,1207324800
西洋古董洋果子店,1232,1215014400
药师寺凉子的怪奇事件簿,1231,1215187200
北斗神拳拉欧外传-天之霸王,1226,1222876800
吸血鬼骑士,1211,1207497600
H2O 赤砂的印记,1204,1199289600
大正野球娘,1148,1246464000
青之花,1146,1246377600
夏之岚！ ～春夏冬中～,1136,1254585600
秀逗魔导士 第四季 下,1116,1231689600
魔法禁书目录 第二季,964,1286467200
[C]THE MONEY OF SOUL AND POSSIBILITY CONTROL,863,1302710400
荷包蛋的蛋黄什么时候戳破才好？,84,1407168000
零之使魔 双月骑士,819,1183824000
在盛夏等待,814,1326038400
武装神姬 Moon Angel,740,1316620800
宫河家的空腹,678,1367164800
D·N·A² ~他到底失去了什么？~,6531,781459200
精灵宝可梦 剧场版18：光轮的超魔神胡帕,6480,1437148800
宇宙战舰大和号2202 爱的战士,6473,1487952000
失忆症,638,1357574400
GAMERS电玩咖！,6340,1499875200
妖怪公寓的幽雅日常,6308,1499011200
Under The Dog,6071,1469980800
天使的水果糖,602,1368288000
ID-0,5999,1491753600
机甲少女 FRAME ARMS GIRL,5994,1491235200
黑子的篮球 Winter Cup总集篇,5938,1472832000
剧场版 魔法禁书目录炭 SP,5867,1377619200
黑白来看守所 第二季,5809,1483459200
战国鸟兽戏画～乙～,5808,1484323200
写真女友,580,1365004800
新撰组镇魂歌 二分之一,5791,1483891200
精灵宝可梦 剧场版7：裂空的访问者代欧奇希斯,5753,1089993600
精灵宝可梦 剧场版11：骑拉帝纳与冰空的花束洁咪,5749,1216396800
魔法少女什么的已经够了啦。第二季,5560,1475596800
黑白来看守所,5548,1475596800
伯纳德小姐说。,5537,1475769600
少女编号,5532,1475683200
秋之回忆 OVA,5278,1006272000
名侦探波洛和马普尔小姐,5136,1088870400
吸血鬼骑士 Guilty,5118,1223222400
学园偶像 阳光!!,5062,1467388800
龙收藏,5034,1396800000
苍之茧,4970,1136044800
超剧场版 Keroro军曹,4941,1142006400
网球王子 全国大会篇,4934,1143129600
PHI·BRAIN 神之谜题 第三季,489,1380988800
PHI·BRAIN 神之谜题 第二季,488,1333814400
冬季花园,4863,1166716800
夜樱四重奏 星之海,474,1286467200
铁腕巴迪 DECODE 第二季,4738,1231430400
乡村医生,4723,1191254400
问题儿童都来自异世界？,439,1357833600
苍翼默示录 Alter Memory,4368,1381161600
书虫公主,43152,1664985600
莉可丽丝,42176,1662134400
漆黑的子弹,4181,1396886400
好朋友,4168,1428681600
上班族想被治愈,41569,1649865600
这个治疗有点烦,41557,1650729600
虫奉行OVA,4113,1405612800
奥特英雄传 赛罗与捷德,41030,1643558400
ALDNOAH.ZERO,4090,1404489600
心灵想要大声呼喊,4032,1442592000
里亚德录大地,40134,1641312000
鲁邦三世 东方见闻录 ～Another Page～,3955,1351785600
大正少女御伽话,39485,1633708800
"世界顶尖的暗杀者,转生为异世界贵族",39481,1633449600
无敌侠：舞动的英雄,39451,1633190400
鬼灭之刃 柱合会议·蝶屋篇,39145,1627228800
月光下的异世界之旅,38931,1625673600
干物妹！小埋R 中配版,38894,1630080000
艾克斯奥特曼（中配）,38411,1617120000
雷欧奥特曼,38399,1617120000
史上最强弟子兼一 OVA,3803,1331827200
这爱情有点奇怪,37924,1617120000
今天开始做魔王 OVA,3767,1193328000
青之驱魔师 剧场版,3543,1356624000
我的朋友很少 OAD,3481,1316620800
在地下城寻求邂逅是否搞错了什么 第三季,34401,1601654400
绯弹的亚里亚 第一季 OVA,3439,1302710400
废弃公主,3414,1049731200
最终休止符～无止境的螺旋物语～,34088,1595347200
DECA-DENCE（僅限港澳台地區）,33858,1593273600
同人WORK,3353,1183392000
虫之歌,3346,1183564800
虹色时光,33167,1452355200
香蕉怪大叔 呐呐~呐 北海妖怪追追追！（第三季）,33049,1586966400
我，要成为双马尾。,324,1412784000
哨声响起,31915,1020614400
The Revelation,3158,1207584000
魔法少女什么的已经够了啦。,3126,1452441600
虚构推理,29366,1578758400
暗黑破坏神在身边。,29327,1578672000
千子,2907,1248710400
NARUTO to BORUTO THE LIVE 2019,28877,1572278400
超级小白（中配）,28777,1570982400
碧藍幻想 第二季（僅限港澳台地區）,28575,1570204800
翼·年代记 鸟笼国的公主,2853,1124467200
魔術學姐（僅限港澳台地區）,28019,1561996800
炎炎消防队,27959,1562342400
全部成为F -THE PERFECT INSIDER-,2726,1444233600
香蕉怪大叔 呐呐~呐（第一季）,27048,1554912000
ULTRAMAN 机动奥特曼（中配）,26946,1554134400
我们无法一起学习,26767,1554566400
男子啦啦队！！,26688,1467648000
我的妹妹不可能那么可爱 第一季,2660,1286035200
艾莉森与莉莉娅,26478,1207152000
不可思议星球的双胞胎公主 Gyu SP,26386,1143820800
怪兽酒场干杯！,2608,1436198400
偶像大师 灰姑娘女孩 第2期,2594,1437062400
火之丸相扑,25730,1538668800
高达创战者 TRY 岛上热战,25451,1471708800
星之声,2544,1012579200
此花亭奇谭（中配）,25379,1534435200
ISLAND,24571,1530374400
机甲战记威龙,2414,539625600
温泉屋小女管家,23867,1523116800
宇宙战舰提拉米斯,23861,1522684800
网球王子 过去和未来的信息,23775,1243267200
铁腕巴迪 DECODE,22958,1215100800
无限的未知,2208,939139200
爱吃拉面的小泉同学,21728,1514995200
粗点心战争2,21603,1515686400
我家也有外星人,2153,956678400
最游记 RELOAD GUNLOCK,2146,1080748800
袖珍女仆小梅,2142,964540800
天使领域,2125,986054400
新白雪姬传说,2112,986313600
战斗陀螺 第一季,2088,978969600
翼神传说,2079,1011542400
美男高校地球防卫部LOVE！LOVE！LOVE！,20320,1510675200
最终兵器彼女,2029,1022947200
魔女猎人罗宾,2028,1025539200
青出于蓝～缘～,2019,1065801600
高机动幻想～新结行军歌～,1990,1044374400
人生交叉点-HUMAN SCRAMBLE-,1972,1049472000
读或死 TV,1967,1062345600
玛德莱克丝,1902,1081094400
爱丝卡与罗吉的工作室 黄昏之空的炼金术士,190,1397059200
网球并不可笑嘛 第三季,19,1380988800
仙境传说,1896,1081180800
人鱼的旋律Pure,1876,1080921600
库拉乌幻之记忆,1873,1088006400
极上学生会,1859,1112716800
星舰驾驶员,1853,1104854400
网球并不可笑嘛 第二季,18,1373126400
到另一个你的身边去,1782,1128960000
文学少女,1759,1261756800
金色琴弦～Secondo Passo～,168,1237996800
黑子的篮球,1624,1333728000
灼眼的夏娜II -Second-,1602,1191427200
搞笑漫画日和3,1595,1205683200
战国BASARA,1590,1238515200
美男高校地球防卫部LOVE！,1520,1420473600
ZEGAPAIN,1445,1144252800
甜蜜偶像,1429,1159718400
落语天女,1400,1136390400
甜蜜声优,1397,1138809600
雨月,1249,1207238400
图书馆战争,1196,1207843200
飞篮扣杀,1124,1238601600
源氏物语千年纪 Genji,1118,1231948800
FORTUNE ARTERIAL -赤之约定-,996,1286467200
魔法禁书目录 剧场版,965,1361548800
魔法禁书目录 第一季,963,1223049600
每度！浦安铁筋家族,92,1404576000
SACRED SEVEN,901,1309536000
UN-GO 日记短片,870,1321200000
初音岛 S.S.,657,1120233600
TSUKIPRO,6453,1507046400
Infini-T Force,6452,1507046400
无畏魔女 OVA,6408,1503590400
梦之祭！R,6344,1503417600
棺姬嘉依卡（僅限港澳台地區）,6333,1396972800
将国之天鹰星,6320,1499443200
活撃/刀剣乱舞（僅限港澳台地區）,6302,1498924800
装神少女小缠 OVA,6083,1492704000
青之驱魔师 OAD,6077,1491148800
变形少女,6070,1490544000
穿透幻影的太阳,594,1373040000
玉家典当铺,5910,1485446400
碧藍幻想（僅限台灣地區）,5771,1483200000
精灵宝可梦 剧场版9：宝可梦保育家与苍海的王子 玛纳霏,5751,1152892800
我太受欢迎了该怎么办,5534,1475769600
超自然9人组,5526,1475942400
梦之祭,5512,1474560000
手冢治虫的佛陀：永无止境之旅,5476,1391788800
最终幻想：灵魂深处,5302,994780800
朝雾的巫女,5139,1090166400
发条精灵战记 天镜的极北之星,5047,1467993600
美男高校地球防卫部LOVE！LOVE！,5044,1467907200
PHI·BRAIN 神之谜题 第一季,487,1317484800
魔笛MAGI,470,1349539200
女神异闻录 -圣洁之魂-,4697,1199462400
名侦探柯南 天空的遇难船,4666,1590076800
蟑螂娘,4473,1347552000
小猪佩奇 第九季,43013,1662652800
绽放的阿尔斯诺特利亚,42295,1661875200
艾克斯奥特曼剧场版 来了！我们的奥特曼（中配）,41955,1654012800
黑之召唤士,41642,1657296000
汪汪队立大功 第一季 中文配音,41620,1649952000
恋爱游戏世界对路人角色很不友好,41591,1649520000
鬼灭之刃 粤配版,41197,1644768000
汪汪队立大功 第二季 中文配音,41080,1642694400
鬼灭之刃 无限列车篇 中配版,41005,1649520000
川尻小玉的懒散生活,40873,1642089600
寻找失去的未来,4067,1412352000
银河英雄传说 黄金之翼,3992,697824000
鲁邦三世：天使的策略～梦的碎片是杀人的香味～,3940,1616428800
鲁邦三世：风魔家族的阴谋,3927,566755200
鲁邦三世：巴比伦黄金传说,3925,490032000
鬼灭之刃 那田蜘蛛山篇,39144,1627228800
月野艺能事务所 第二季,39056,1628697600
干物妹！小埋 中配版,38876,1626451200
罗布奥特曼,38420,1617120000
欧布奥特曼（中配）,38416,1617120000
魔法老师！～另一个世界,3773,1253116800
文学少女 今日的点心～初恋～,3769,1261756800
精灵宝可梦 剧场版3：结晶塔的帝王（中文版）,37522,1608480000
弱势角色友崎君,36165,1610035200
动物狂想曲 / BEASTARS 第二季,36131,1609948800
魔力家族 La prima festa,3587,1364313600
超时空要塞Δ,3530,1459612800
战翼的希格德莉法,34434,1601740800
鬼灭之刃 中配版,34004,1601568000
噬神者 SP,3387,1436025600
弩級戰隊H×EROS（僅限港澳台地區）,33868,1593792000
炎炎消防队 贰之章,33805,1593792000
破刃之剑 剧场版,3364,1275062400
SHUFFLE,3319,1120665600
魔法学园MA,3294,1223136000
绝对少年,3260,1116604800
矶部矶兵卫物语,3236,1449849600
网球并不可笑嘛 第七季,3234,1452441600
大叔与棉花糖,3213,1452096000
魔弹之王与战姬,291,1412352000
刀剑神域 爱丽丝篇 异界战争,28615,1570291200
喜欢本大爷的竟然就你一个？,28595,1570032000
COP CRAFT,28011,1562601600
狗与剪刀的正确用法,2783,1372608000
TRINITY SEVEN 七人魔法使 剧场版 2,26927,1553788800
快餐厅之恋,26808,945446400
东之伊甸,2674,1239206400
女神异闻录5 动画版 年末特别篇「前篇 / 后篇」,26354,1546185600
明治东京恋伽,26307,1546963200
琴之森 第二季,26268,1548604800
枕男子,2610,1436716800
青春生存游戏,2589,1435766400
伊利亚：杰拉姆,25857,772300800
哆啦A梦 大雄的平行西游记,2556,574099200
深夜！天才傻鹏,24626,1531238400
偶像大师灰姑娘剧场 第三季（TV版）,24594,1530547200
妙手小厨师,2410,560707200
飙速宅男 Re:GENERATION (2017),23945,1507824000
女神异闻录5 动画版,23878,1523116800
藍海少女～advance～（僅限台灣地區）,23823,1523030400
乌瑟的穷困生活,235,1349107200
仙界传 封神演义,2210,930931200
沉默的未知,2168,970675200
龙王的工作！,21554,1515340800
天使的尾巴,2094,1002124800
成惠的世界,1978,1050076800
目隱都市的演繹者（僅限港澳台地區）,197,1397232000
灌篮少年,1957,1049644800
To Heart 回忆永恒,1941,1096646400
岩窟王,1890,1096905600
砂和尚,1886,1096819200
增血鬼果林,1847,1130947200
银盘万花筒,1779,1128700800
攻壳机动队 个别的十一人,1714,1138291200
攻壳机动队 笑面男,1712,1129996800
竖笛与双肩书包 3☆,1675,1372608000
浦和小调,1597,1428508800
罪恶王冠,1588,1318435200
动画心疗系,1528,1423756800
夜之小双侠,1492,1420905600
天翔少女,1366,1183564800
地球防卫少年,1295,1175961600
钢铁神吉克,1289,1175702400
亡念之扎姆德,1206,1222185600
战斗司书,1155,1254412800
神曲奏界POLYPHONICA 第一季,1128,1175529600
秀逗魔导士 第四季 上,1115,1214928000
空罐少女,1097,1230912000
架向星空之桥,919,1302451200
足球骑士,827,1325865600
薄樱鬼 番外,765,1270310400
薄樱鬼 黎明录,763,1341763200
Code:Realize ～创世的姬君～,6435,1507305600
UQ HOLDER！悠久持有者 OAD,6414,1504800000
精灵宝可梦 剧场版17 XY：破坏之茧与蒂安希,6389,1405699200
名侦探柯南 纯黑的恶梦,6365,1590076800
成年女性的动画时间 第一季,603,1294416000
从零开始的魔法书,6001,1491753600
青春歌舞伎,5991,1491494400
不正经的魔术讲师与禁忌教典,5987,1601308800
阿童木起源,5979,1492272000
勿忘蛛,5947,1331481600
飙速宅男 新世代,5794,1483977600
超心动！艺术之星,5522,1475337600
比得兔（第一季）,5439,1422028800
网球王子剧场版 迹部的礼物,5122,1106928000
SHOW BY ROCK!! Short!!,5028,1467648000
机动战士高达SEED Destiny HD,499,1365264000
名侦探柯南 第11个前锋,4548,1590076800
新人炼金术师的店铺经营,43153,1664726400
高达创战者 TRY,4268,1412697600
卡片战斗先导者will+Dress,42080,1661702400
奥特英雄传泽塔 英雄之路,41956,1654012800
东方少年 第二季,41833,1657555200
为什么猫都叫不来,4106,1443715200
银河奥特曼S,41036,1643558400
约定的梦幻岛 粤配版,40755,1642953600
鬼灭之刃 兄妹之绊,39143,1627228800
哆啦A梦 大雄与绿之巨人传,3875,1204905600
烧窑的话也要马克杯,38243,1618156800
罪恶王冠 失落的圣诞节 an episode of port town,3781,1343232000
魔法老师涅吉! ANIME FINAL,3775,1314374400
今天开始做魔王 第三季,3766,1207152000
今天开始做魔王 第一季,3764,1080921600
小猪佩奇 第三季 英文版,37597,1609344000
剧场版 BEM BECOME HUMAN,36388,1607011200
玻璃之花与崩坏的世界,3589,1452268800
攀岩少女！,34424,1601740800
文豪与炼金术师 ～审判的齿轮～,33051,1585929600
旅街LateShow,3286,1452182400
魔法护士小麦R,3102,1452268800
如果高中棒球社女经理读过杜拉克的《管理学》的话,2989,1303660800
因为太怕痛就全点防御力了,29358,1578412800
紫式部 源氏物语,2893,566841600
虚空魔境 第二季,28622,1569945600
募恋英雄,28614,1570377600
歌塑世界,28568,1570291200
Four of a Kind 四牌士 第二季,28548,1570377600
滑头鬼之孙 第二季【中文】,2837,1309622400
滑头鬼之孙 第一季【中文】,2836,1278259200
蝴蝶绮 ～年轻的信长～,28021,1617120000
在地下城寻求邂逅是否搞错了什么 第二季,27999,1562947200
黑白小姐 第三季,2791,1443715200
青年黑杰克,2720,1443628800
八月的棒球甜心,26775,1554652800
东之伊甸I -The King of Eden,2675,1259337600
绝对防卫利维坦,2656,1365177600
网球王子 那时的我们,26433,1314288000
网球王子剧场版：英国式庭球城决战,26229,1314979200
新天线宝宝 第二季,26184,1446998400
黑白小姐 第二季,2617,1435852800
剧场版「 - Alice in the Garden -」,25951,1541001600
只要別西卜大小姐喜歡就好（僅限港澳台地區）,25836,1539187200
稻荷恋之歌,257,1389715200
模型战士高达模型制作家 起始G,25561,1281801600
世界征服 谋略之星,253,1389369600
名侦探柯南 唐红的恋歌,24694,1590076800
海獭波乐 3rd,23883,1523030400
Tokyo Guru: re (Part 1)（僅限港澳台地區）,23863,1522684800
多田君不恋爱,23859,1522857600
足球风云,2328,752601600
此时此刻的我,2206,939830400
绝灭危愚少女,214,1393344000
欢乐课程,2062,1017676800
骇客时空,2036,1017763200
返乡战士,2020,1031328000
机魂末世录,1984,1050422400
龙娘七七七埋藏的宝藏,193,1397059200
爱情泡泡糖,1925,1096646400
遥远时空中 八叶抄,1882,1096905600
诗片,1874,1096732800
异度传说,1854,1104854400
逆转公主,1787,1175011200
CANVAS2 七彩的素描,1778,1128182400
英国一家 吃在日本,1738,1429027200
众神的恶作剧,170,1396627200
EVA 新世纪福音战士新剧场版3.33：Q,1640,1353081600
战国BASARA 贰,1591,1278777600
御神乐学园组曲,1548,1428249600
暗夜第六感,1470,1154102400
魔法老师涅吉! 第一季,1420,1104854400
月面兔兵器米娜,1322,1168617600
魔法使的注意事项 夏季的天空,1235,1214928000
魔法使的注意事项,1234,1042128000
神曲奏界Polyphonica crimson S,1129,1238774400
青之驱魔师,861,1302969600
创圣的大天使EVOL,696,1325952000
棺姬嘉依卡 AVENGING BATTLE（僅限港澳台地區）,6361,1412697600
Re：创造主,5998,1491667200
精灵宝可梦 剧场版12：阿尔宙斯超克的时空,5746,1247846400
Lostorage incited WIXOSS,5530,1475856000
名侦探柯南 沉默的15分钟,4518,1590076800
永久少年,42296,1664035200
舞动不止,41533,1652457600
哆啦A梦 大雄的宇宙英雄记,3902,1425657600
捷德奥特曼（中配）,38414,1617120000
美丽新世界 The Animation/美好世界,38238,1617984000
机器人笔记,38137,1614355200
机巧魔神2,3813,1254326400
小猪佩奇 第七季 英文版,37601,1609344000
小猪佩奇 第二季 英文版,37596,1609344000
关于我转生变成史莱姆这档事 第二季,36170,1609776000
逆转裁判,3527,1459526400
线上游戏的队友不可能是女生？,3495,1460044800
魔弹之王与战姬 SP 堤格尔君与战姬亲,3482,1412265600
面包带来和平！,3460,1459699200
橘色奇迹,33169,1467475200
我的青春恋爱物语果然有问题。完,32998,1594310400
格莱普尼尔,32956,1586016000
隐之王,3220,1207411200
我們真的學不來！（僅限台灣地區）,26957,1554566400
我女友与青梅竹马的惨烈修罗场,2667,1357315200
五等分的新娘,26283,1547136000
格林笔记 The Animation,26280,1547136000
迷宫物语,26013,608572800
云之彼端，约定的地方,2545,1100880000
爆走猎人,2314,812649600
平行世界物语,2217,923500800
DARLING in the FRANXX（僅限港澳台地區）,21680,1515859200
X战记 剧场版,2099,839001600
拜托了！老师,2068,1010592000
正义小天使真绪,2024,1025625600
七武士,1908,1086969600
火鸟,1903,1081008000
吟游默示录,1878,1099497600
曙光少女,1848,1128528000
赐予护女神的祝福,1416,1159977600
逮捕令 全速前进,1342,1191427200
出租魔法使,1332,1191686400
神灵狩,1329,1192636800
二十面相少女,1246,1207929600
伯爵与妖精,1220,1223308800
深渊传说,1210,1222963200
无法逃离的背叛,1021,1270915200
漫研部,7,1357142400
创圣的大天使,695,1112630400
加速世界,686,1333641600
干物妹！小埋 R / 我家有個魚乾妹R（僅限港澳台地區）,6502,1507478400
丝缎女孩对谈,6479,1506960000
漫画少女,646,1357056000
我的妹妹是大阪大妈,645,1356019200
欢迎来到实力至上主义的教室,6339,1499875200
骑士&魔法,6304,1498924800
南家三姐妹 再来一碗,621,1199548800
热诚传说～导师的黎明～,5939,1419868800
精灵宝可梦 剧场版13：幻影的霸者索罗亚克,5745,1278691200
虹色DAYS OAD,5709,1474560000
当女孩遇到熊 SP,5485,1466697600
捉迷藏,5097,1110038400
棒球伙伴,5059,1468512000
Active Raid -机动强袭室第八课-,5054,1452096000
Regalia 三圣星,5041,1467820800
不愉快的怪物庵（僅限台灣地區）,5014,1467475200
名侦探柯南 绀碧之棺,4787,1590076800
元素猎人,4693,1246636800
新网球王子 OVA,4546,1334851200
间谍过家家 中配版,43622,1666368000
奥特银河格斗 命运的冲突（中配）,42532,1659628800
刀剑神域 Extra Edition,4239,1388419200
特利迦奥特曼 泽塔篇（中配）,42120,1656691200
如果她的旗帜被折断了,4201,1396713600
約會大作戰 第二季 （僅限港澳台地區）,4187,1397145600
少女前线,40246,1641571200
鲁邦三世：血之刻印 永远的Mermaid,3953,1322755200
开挂药师的奇幻世界悠闲生活,38954,1626192000
理科生坠入情网，故尝试证明。 中配版,38878,1626278400
泰迦奥特曼,38422,1617120000
赛罗奥特曼 英雄传（中配）,38409,1617120000
圣女魔力无所不能,38236,1618934400
小猪佩奇 第四季 英文版,37598,1609344000
小猪佩奇 第一季,37587,1609344000
黑色残骸,3551,1459958400
番剧茶会,3540,1459958400
宇宙航海王 ABYSS OF HYPERSPACE -亚空的深渊-：剧场版,3536,1392998400
加速世界 OVA2 加速的顶点,3488,1359561600
加速世界 OVA1 银翼的觉醒,3487,1347465600
心灵侦探八云,3484,1286035200
兔龟 女高网球部外传,3457,1460390400
鬼斩,3454,1459958400
突击莉莉 BOUQUET,34413,1601568000
生日乐园,34023,1594569600
百慕大三角~多彩田园曲~,33329,1547222400
柯鲁布克罗/ Coluboccoro,33166,1457884800
背骑少女,3278,1231603200
青之六号,3274,909244800
石膏男孩,3100,1452182400
绯弹的亚里亚,2993,1302710400
猎龙飞船,29359,1578499200
Fate/Grand Order - 絕對魔獸戰線巴比倫尼亞 -（僅限台灣地區）,28685,1570291200
偶像梦幻祭,27997,1562428800
古城荆棘王,27812,1272643200
终结的炽天使 名古屋决战篇,2760,1444406400
生肖奇缘 (2019)（僅限港澳地區）,26960,1554480000
revisions,26286,1547049600
新天线宝宝,26183,1446998400
偶像大师 SideM Mini,25623,1539014400
魔偶马戏团,25615,1539100800
美男高校地球防卫部 HAPPY KISS！,23866,1523203200
信长之枪,223,1388851200
弹珠警察,2221,918316800
刀使巫女,21750,1515081600
pop子和pipi美的日常,21719,1515254400
梦幻妖子,2152,956160000
Fate/EXTRA Last Encore,21464,1517068800
双恋,1937,1096992000
机巧魔神,1765,1238601600
罪恶王冠 SP,1589,1318435200
永不消失的彩虹,1423,1161532800
逮捕令 第二季,1341,986572800
新勇者莱汀,1323,1172851200
破天荒游戏,1266,1199376000
仰望天空的少女瞳中的世界,1117,1231776000
迷宫塔 ～乌鲁克之盾～,1100,1207238400
STARRY☆SKY,954,1293033600
幕末Rock,9,1404230400
神样DOLLS,898,1309795200
怪物弹珠 第二季 后篇,6500,1507305600
新妹魔王的契約者 BURST（僅限港澳台）,6288,1444320000
花牌情缘,616,1317657600
笑面推销员NEW,5951,1491148800
漫研部～Surgical Friends～,5868,1483372800
精灵宝可梦 剧场版16：神速的盖诺赛克特 超梦觉醒,5744,1373644800
神装少女小缠,5552,1475510400
魂狩,5213,986313600
网球王子剧场版 二人的武士,5121,1106928000
东之伊甸II -Paradise Lost,5106,1268409600
加速世界 Infinite Burst,5076,1469203200
屁屁吾郎,5066,1467475200
KY系JC小空气,506,1375632000
OZMAFIA!!,5039,1467734400
Rewrite,5020,1467475200
年老的鳄鱼,4900,1154707200
超能力少女兰,4799,1213977600
祝福的钟声,4642,1278000000
新网球王子,4625,1325606400
精灵宝可梦 剧场版14 黑：比克提尼与黑英雄 捷克罗姆,4477,1310745600
精灵宝可梦 剧场版14 白：比克提尼与白英雄 雷希拉姆,4475,1310745600
温泉巡礼,4312,1354032000
法外制裁者 OAD,4301,1355673600
乔瓦尼之岛,4236,1392998400
狼少女与黑王子,4162,1412438400
RPG不动产,41558,1649174400
见面5秒开始战斗,38935,1626105600
蔚蓝反射 澪,38239,1617984000
關於我轉生變成史萊姆這檔事 第二季（僅限台灣地區）,37796,1609776000
SHUFFLE! MEMORIES,3770,1168099200
双星之阴阳师,3462,1459872000
泰坦尼亚,3358,1223481600
放學後堤防日誌（僅限台灣地區）,33094,1586188800
格萊普尼爾（僅限港澳台地區）,32990,1586016000
刀劍神域 Alicization War of Underworld（僅限台灣地區）,28687,1570291200
炎炎消防隊（僅限港澳台地區）,28059,1562342400
天狼 Sirius the Jaeger,24620,1531324800
Caligula 卡里古拉,23818,1523116800
献给某飞行员的恋歌,233,1610467200
攻壳机动队ARISE ALTERNATIVE ARCHITECTURE,1568,1428163200
亚尔斯兰战记,1551,1428163200
魔法少女奈叶ViVid,1538,1427990400
少年好莱坞,1495,1598889600
机神咆吼,1473,1147881600
HEROMAN,1026,1270051200
快盗天使TWIN ANGEL,906,1309708800
魔力家族,767,1341072000
笨蛋的悲剧人生,679,1369065600
初音岛II,658,1191168000
时间飞船24 逆袭的三恶人,6477,1507305600
动画同好会,6441,1507392000
18if 梦境异闻录,6319,1499356800
新妹魔王的契約者（僅限港澳台）,6286,1420560000
梦王国与沉睡的100王子 短篇动画,6008,1490371200
无畏魔女,5562,1475596800
问答魔法学院,5460,1221148800
ONE～辉之季节～,5294,997372800
记忆沉睡的孩子 奔向天空的摇篮,5263,1470412800
DAYS,5063,1467475200
心靈代碼 QUALIDEA CODE（僅限港澳台地區）,5052,1468080000
时间旅行少女,5049,1467993600
Ragnastrike Angels,4762,1459526400
高达Reconguista in G,4267,1412179200
四色战记 / RWBY 第五季,41602,1650038400
四色战记 / RWBY 第四季,41439,1648224000
骸骨骑士大人奇幻世界冒险中,41422,1651075200
鲁邦三世：微风公主 ~ 被隐藏的空中都市,3956,1384444800
偶像大师 灰姑娘女孩 第二季 OVA,3788,1437062400
轉生成蜘蛛又怎樣！（僅限港澳台地區）,37810,1610035200
小猪佩奇 第六季 英文版,37600,1609344000
2.43清阴高中男子排球社,36285,1610035200
学战都市Asterisk 第二季,3464,1459612800
炎炎消防隊 貳之章（僅限港澳台地區）,33898,1593792000
魔法律事务所 第二季,33809,1594051200
圣诞老人公司 ～圣诞节的秘密～,32996,1584547200
食戟之靈 神之皿（僅限港澳台地區）,28636,1570809600
遊戲王：次元的黑暗面（僅限港澳台地區）,28077,1461340800
对魔导学园35试验小队,2724,1444147200
轮回的拉格朗日 第二季,2679,1341072000
轮回的拉格朗日,2678,1325952000
Four of a Kind 四牌士,23881,1522598400
宝可梦 太阳&月亮（中配）,23795,1479312000
飙速宅男 GLORY LINE,21781,1515427200
凉风,1843,1120579200
很帅很可爱宣言,1757,1288886400
战国无双,1658,1420905600
终结的炽天使,1555,1428076800
魔法老师涅吉!?,1421,1159891200
暗夜魔法使,1346,1191254400
Sends of Destruction,1233,1215360000
苍天航路,1140,1239033600
战场上的女武神,1127,1238774400
光明之心 ～幸福的面包～,797,1334160000
Classica Loid 第二季,6454,1507305600
花牌情缘 第二季,617,1357833600
精灵宝可梦XY&Z,5692,1446048000
ViVid Strike!,5514,1475337600
古斯柯布多力传记,4451,1341590400
小加速世界,4447,1343145600
名侦探柯南 异次元的狙击手,4198,1590076800
银河奥特曼S（中配）,41037,1643558400
奥特银河格斗 巨大阴谋（中配）,41029,1643558400
尸者的帝国,4098,1443715200
RAIL WARS!-日本国有铁道公安队-,4078,1404316800
命运-冠位指定 冠位时间神殿所罗门,40520,1642521600
小猪佩奇 第四季,37591,1609344000
熊熊勇闯异世界,34410,1602000000
球詠（僅限港澳台地区）,33109,1585670400
果然我的青春戀愛喜劇搞錯了。完（僅限港澳台地區）,33084,1594310400
简单易懂的现代魔法,3129,1247241600
被狙击的学园,2804,1352476800
机动战士高达AGE,27729,1318089600
最终试验鲸鱼,27499,1187971200
我的妹妹不可能那么可爱 第二季,2661,1365177600
W'Z,26301,1546704000
三丽鸥男子,21674,1515168000
热风海陆BUSHIROAD,1653,1388419200
Happiness!,1426,1159977600
武装机甲,1221,1222963200
黑神,1102,1231344000
最终流放-银翼之法姆-,876,1317916800
BRAVE10 真田十勇士,825,1325865600
扩张少女系三重奏,6069,1491926400
时钟机关之星,6000,1491494400
异次元觉醒,5696,1456761600
浪客剑心 （中配）,5412,821203200
弹丸论破3 -绝望篇-,5057,1468512000
热诚传说X,5022,1467475200
永远之久远,4472,1310745600
驯兽师被逐出队伍后邂逅最强少女,43144,1666454400
银河奥特曼S剧场版 决战！奥特10勇士！！,41943,1654012800
小猪佩奇 第八季,39214,1628179200
现实主义勇者的王国再建记,38952,1625328000
热风海陆bushiroad SP,3841,1388419200
破刃之剑,3807,1396713600
偶像大师 灰姑娘女孩 第一季 OVA,3787,1420732800
少女们向荒野进发 OVA,3780,1458835200
小猪佩奇 第七季,37594,1609344000
小猪佩奇 第六季,37593,1609344000
小猪佩奇 第五季,37592,1609344000
苍之骑士团,36283,1609948800
新樱花大战,32908,1585843200
君吻Pure Rouge,2996,1191600000
Peeping Life,2872,1443801600
我不是說了能力要平均值嗎？（僅限港澳台地區）,28712,1570377600
歌舞伎町夏洛克（僅限港澳台地區）,28679,1570809600
神田川JET GIRLS（僅限台灣地區）,28632,1570550400
戰×戀（僅限港澳台地區）,28545,1570204800
学战都市Asterisk,2722,1443801600
战国BASARA Judge End,1592,1404489600
宝石宠物 Kira☆Deko!（第四季）,125,1333814400
URAHARA,6474,1507046400
战刻夜想曲,6449,1506960000
海天使的灯火,6335,1499788800
覆面系 NOISE,5981,1491840000
Hand Shakers,5797,1483977600
Fate/Grand Order ‐First Order‐,5747,1483113600
超级马力欧兄弟 拯救桃子公主大作战！,5569,504892800
星梦手记,5486,1475424000
特例措置团体斯特拉女子学院高等科C3部,548,1372867200
苍色骑士,5382,1207324800
攻壳机动队ARISE,5180,1371830400
Ange Vierge,5053,1468080000
核爆默示录,485,1380643200
测不准的阿波连同学 中配版,42321,1658419200
ULTRAMAN 机动奥特曼 第二季（中配）,41547,1649952000
处刑少女的生存之道,41506,1648828800
只要你说你爱我 OAD,3800,1374595200
小猪佩奇 第五季 英文版,37599,1609344000
小猪佩奇 第三季,37590,1609344000
小猪佩奇 第二季,37589,1609257600
装甲娘战机,36291,1609948800
剧偶像,36289,1609776000
我立于百万生命之上,34433,1601568000
提亚拉之泪,3224,1238601600
喜歡本大爺的竟然就妳一個？（僅限台灣地區）,28695,1570032000
COP CRAFT（僅限台灣地區）,28069,1562601600
重来吧，魔王大人！,28004,1562169600
BEM,27992,1563120000
温泉幼精箱根酱,2729,1443888000
法兰雀丝卡,26532,1404576000
雨色可可side G,26294,1546963200
刀剑神域 Alicization,25510,1538841600
美妙☆频道,23841,1523116800
橘子酱男孩,2324,763488000
推理之绊,2070,1033401600
忘却的旋律,1900,1081180800
星界死者之书,1287,1175529600
偶像大师 XENOGLOSSIA,1278,1175529600
苍色骑士（中文）,1250,1207324800
漫研部~妄想突变~,8,1404748800
Upotte!!,793,1333728000
绯色的欠片 第二季,743,1348934400
精灵宝可梦 剧场版15：酋雷姆VS圣剑士 凯路迪欧,6413,1342195200
热诚传说 第二季,5789,1483804800
智龙迷城X,5025,1467561600
伽利略少女,475,1381334400
理科生坠入情网，故尝试证明。 第二季 中配版,42994,1662393600
笨蛋男友,4083,1444924800
创之界限,39487,1636819200
龙之界点,3361,1294588800
富豪刑警 Balance:UNLIMITED（僅限港澳台地區）,33083,1586448000
梦幻之星online2,3097,1452096000
梦幻之星 神谕篇,28639,1570377600
我，不是说了能力要平均值么！,28544,1570377600
OVERLORD（僅限港澳台地區）,28182,1436198400
實況主的逃脫遊戲【直播中】（僅限台灣地區）,28067,1562428800
绯弹的亚里亚 AA,2764,1444060800
熊猫拍拍 应援团篇,27053,1425312000
恶魔战线,23846,1523030400
真月谭月姬,1983,1065628800
神枪少女 -IL TEATRINO-,1265,1199635200
海物语,1144,1245772800
分形世界,953,1294848000
"Wake Up, Girls! 新章",6442,1507564800
快盗天使 BREAK,5955,1491494400
CHAOS;CHILD,5802,1484150400
弹丸论破3 -未来篇-,5056,1468166400
亚尔斯兰战记 风尘乱舞,5021,1467561600
幕末替身传说,42290,1657814400
汪汪队立大功 第一季,41619,1649952000
通灵王,38353,1617811200
彼得·格里爾的賢者時間（僅限港澳台地區）,33869,1594396800
昨日之歌（僅限台灣地區）,33085,1586016000
碧蓝航线,28516,1570032000
猎兽神兵,28005,1561910400
侦探小队KZ事件簿,2738,1444147200
叛逆性百万亚瑟王,25720,1540396800
机动战士高达 暮光的阿克西斯 红色残影,25234,1498147200
刀使巫女（中配）,24181,1525276800
人机续篇,1852,1104854400
吸血鬼福尔摩斯,1557,1427990400
青空下的约定,1279,1175529600
迷宫塔 ～乌鲁克之剑～,1101,1231344000
公主恋人！,1083,1246723200
食梦者玛利,865,1294243200
战斗女子高校,6306,1499011200
偶像选举,5787,1483804800
吸血鬼仆人,5032,1467648000
式守同学不只可爱而已,41416,1651334400
我被逐出队伍后过上慢生活,39461,1633449600
我立于百万生命之上（第二季）,38949,1625846400
東京復仇者（僅限港澳台地區）,38433,1618070400
百武装战记,3463,1459785600
你与我最后的战场，亦或是世界起始的圣战,34404,1602000000
月歌。THE ANIMATION2,33863,1602000000
高校之神（僅限港澳台地區）,33857,1594051200
B-PROJECT～绝顶＊Emotion～,26277,1547222400
Tokyo Guru: re (Part 2)（僅限港澳台地區）,25727,1539014400
魔法禁书目录 第三季,25617,1538668800
雨色可可,1550,1428163200
阴守忍者,1399,1136563200
钢铁三国志,1309,1175616000
剑灵,111,1396454400
钢壳都市雷吉欧斯,1092,1231516800
魔法少女育成计划,5506,1475337600
银发的阿基多,4953,1136563200
ULTRAMAN 机动奥特曼 第二季,41511,1649952000
罗布奥特曼（中配）,38421,1617120000
黑狐/BLACK FOX,38113,1614268800
转生成蜘蛛又怎样！,36167,1610035200
別冊 奧林匹克之環（僅限台灣地區）,33238,1587312000
花牌情缘 第三季,28584,1571760000
牙狼 -红莲之月-,2774,1444320000
Dance with Devils,2746,1444147200
约会大作战 第三季,26308,1547136000
VENUS PROJECT -CLIMAX-,2599,1436630400
音乐少女,24632,1530979200
梦王国与沉睡的100王子,24619,1530720000
兽王星,1460,1144857600
弁魔士塞西尔,4232,1389456000
AIR 剧场版,3783,1107532800
好比是最终迷宫前的少年到新手村生活一般的故事,36191,1609689600
浪客剑心 星霜篇,3579,1008691200
YU-NO 在這世界盡頭詠唱愛的少女（僅限港澳台地區）,27728,1554134400
交响诗篇 AO,791,1334160000
青鬼 THE ANIMATION,5929,1486742400
TRICKSTER,5542,1475510400
惑星公主蜥蜴骑士,42106,1660233600
泰迦奥特曼（中配）,38423,1617120000
新干线变形机器人 辛卡利欧Z / 进化利恩 极,38246,1653580800
生肖奇缘 第二季（僅限台灣地區）,33097,1586188800
聆听者 / LISTENERS,32904,1585929600
少女们向荒野进发,3119,1452096000
魔王大人、RETRY！（僅限港澳台地區）,28050,1562169600
展开骑士,128,1396713600
Room Mate,5959,1491926400
捷德奥特曼剧场版 连接吧！心愿！！,41952,1654012800
魔法纪录 魔法少女小圆外传 第二季,38950,1630166400
浪客剑心 新京都篇,3584,1332259200
苍之彼方的四重奏,3106,1452441600
消灭都市,26871,1554566400
深夜的超自然公务员,26777,1554566400
吉尔伽美什,25368,1065801600
绯色的欠片 第一季,742,1333296000
四色战记 / RWBY 冰雪帝国,42229,1665504000
打工吧！魔王大人 第二季,42107,1661961600
东京24区,40241,1643731200
宿命回响：命运节拍,39463,1635868800
刮掉鬍子的我與撿到的女高中生（僅限港澳台地區）,38393,1617552000
舞武器舞乱伎,3128,1452268800
早安恋味糕点店,3070,1412956800
歌舞伎町夏洛克,28628,1570809600
非枪人生,28617,1570723200
RErideD-穿越时空的德理达,25610,1537545600
奴隸區 The Animation（僅限港澳台地區）,23860,1523548800
混沌之脑,1213,1223481600
只要你说你爱我,735,1349452800
Fantasista Doll,4403,1373040000
泡泡,41648,1651334400
群青开场号,41571,1652544000
枪与假面舞会,2719,1443628800
盾之勇者成名录,26284,1546358400
创圣的大天使LOGOS,2579,1435766400
ChargeMan研,2481,110390400
Code Geass 亡国的阿基德,1659,1344009600
解谜之音,5557,1475596800
奥特银河格斗 命运的冲突,42531,1659628800
精灵幻想记,38933,1625500800
变形金刚 领袖的挑战 第一季,3646,1426262400
出租女友（僅限港澳台地區）,33865,1594396800
女学。～圣女斯克威尔学院～,33073,1586102400
星星公主,3050,1057507200
爱玩怪兽,25851,1538841600
宝石宠物 Sunshine（第三季）,124,1302278400
精灵宝可梦 超级愿望,6164,1285171200
锁链战记 赫克瑟塔斯之光,5769,1481817600
擾亂 THE PRINCESS OF SNOW AND BLOOD（僅限港澳台地區）,38462,1617120000
卡片战斗先导者overDress,38240,1616515200
只有我能进入的隐藏地下城,36197,1610121600
池袋西口公园,34414,1601913600
碧藍航線（僅限港澳台地區）,28673,1570032000
科學一方通行（僅限台灣地區）,28066,1562947200
环战公主 CIRCLET PRINCESS,26350,1546876800
空战魔导士候补生的教官,2583,1436284800
Dies irae 神怒之日（僅限港澳台地區）,6430,1507305600
夜樱四重奏,472,1222876800
泰迦奥特曼剧场版 新生代之巅（中配）,41033,1643558400
桃子男孩渡海而来 正序版,39442,1631808000
侦探已死,38945,1625328000
青梅竹馬絕對不會輸的戀愛喜劇（僅限港澳台地區）,38396,1618329600
地球先锋队（中配版）,38339,1616947200
SUSHI POLICE,3235,1452009600
京四郎和永远的天空,2992,1167926400
重神机潘多拉（中配）,23919,1522166400
帕卢姆之树,5265,1016208000
国王排名,39462,1634227200
魔术士欧菲流浪之旅 基姆拉克篇,36284,1611072000
CANNON BUSTERS,26782,1567008000
粉彩回忆,26296,1546790400
金刚狼,956,1294416000
UQ HOLDER！悠久持有者！,6418,1506960000
Love All Play热血羽毛球 / 羽球青春 ,41535,1652457600
高达创造者 战斗部落,41387,1647273600
催眠麦克风-Division Rap Battle- Rhyme Anima,34437,1601654400
异界少女召唤术,24627,1530720000
两个人是少女福尔摩斯,1693,1373644800
巴哈姆特之怒 VIRGIN SOUL,5968,1491494400
锁链战记 赫克瑟塔斯之光,5784,1483804800
当女孩遇到熊,5402,1459612800
初恋怪兽,5018,1467388800
名侦探柯南 业火的向日葵,4199,1590076800
贤者之孙,26794,1554825600
Butlers～千年百年物语～,23817,1523462400
金色琴弦 Blue♪Sky,169,1396627200
美妙天堂 偶像时间,5963,1491235200
亚尔斯兰战记 OAD,5695,1462723200
ALDNOAH.ZERO 第二季,4092,1420819200
理科生坠入情网，故尝试证明。 第二季,39725,1648742400
厨神小当家2（中配）,33059,1610380800
蜜桃女孩,2958,1105113600
某科学的一方通行,28002,1562947200
政宗君的复仇（僅限港澳台地區）,5775,1483545600
王之逆袭：意志的继承者,34420,1601654400
幸运逻辑,3099,1452268800
智龙迷城,23882,1522598400
重神机潘多拉,23811,1522166400
魔法少女？Naria☆Girls,5040,1467734400
红伤骑士X,5037,1467734400
魔术士欧菲流浪之旅,29367,1578326400
花牌情緣 第三季（僅限台灣地區）,28741,1571760000
刺客守则,28543,1570636800
彗星路西法,2745,1443888000
在世界尽头咏唱恋曲的少女YU-NO,26771,1554134400
皇帝圣印战记,21633,1515168000
名侦探柯南 绝海的侦探,4439,1590076800
新 东京猫猫,42201,1657036800
奇幻☆怪盗,30238,1578499200
明日的与一,1093,1231344000
世界尽头的圣骑士,39334,1633708800
环太平洋：黑色禁区,38163,1615046400
重创的伤口,36208,1610121600
花牌情缘 OAD,3514,1379001600
厨神小当家2,34422,1610380800
普通攻擊是全體二連擊，這樣的媽媽你喜歡嗎？（僅限台灣地區）,28003,1562947200
全员恶玉,34411,1602086400
社长，战斗时间到！,33025,1586102400
黑之宣告,3115,1452355200
刺客守則（僅限港澳台地區）,28674,1570636800
异界群敌 代码重组,28578,1570464000
给你做饭了！,2767,1443974400
百炼霸王与圣约女武神,24628,1530979200
忍者一时,43167,1664812800
盾之勇者成名录 第二季,41413,1649174400
如果究極進化的完全沉浸RPG比現實還更像垃圾遊戲的話（僅限港澳地區）,38446,1617724800
HUMAN LOST 人间失格,38375,1616688000
愤怒的审判,36362,1610467200
无限系统树,29333,1578499200
平凡职业造就世界最强,27995,1562515200
Fate/Apocrypha,6301,1498924800
自称贤者弟子的贤者,40154,1641830400
如果究極進化的完全沉浸RPG比現實還更像垃圾遊戲的話（僅限台灣地區）,38449,1617724800
来冲浪吧！！美少年！！,37568,1610380800
CØDE:BREAKER 法外制裁者,739,1349452800
公主连结 与你重逢 第二季,40153,1641744000
东方少年,40116,1641312000
成神之日,34402,1602345600
天空與海洋之間（僅限港澳台地區）,25687,1538582400
千枪士,24618,1530547200
昴宿七星,24609,1530806400
半妖的夜叉姬 第二季,39484,1635523200
迷宫标记者,39482,1633536000
狂热深渊-迷失的孩子,39448,1647532800
11eyes,4677,1254758400
被神捡到的男人,34436,1601740800
点满农民相关技能后，不知为何就变强了。,43150,1664553600
头文字D Extra Stage 2,38711,1621094400
八男？别闹了！,32818,1585756800
青梅竹马绝对不会输的恋爱喜剧,38222,1620144000
星掠者（僅限港澳台地區）,31809,1578499200
星掠者,29339,1578499200
我們真的學不來！第二季（僅限台灣地區）,28688,1570291200
我们无法一起学习！,28590,1570291200
厨神小当家（中配）,28716,1570809600
史上最强大魔王转生为村民甲,41421,1661702400
八男？別鬧了！（僅限港澳台及其他地區）,33100,1585756800
SWORD GAI 装刀凯 The Animation,23875,1522512000
龙鸣,1333,1191340800
足球风云 通往未来的一球,42198,1662220800
环太平洋：黑色禁区 第二季,41508,1650556800
进化之实 踏上胜利的人生,39361,1633363200
欧布奥特曼 原生之初（中配）,38418,1617120000
大运动会 重启,37486,1618070400
只想受你欢迎,33310,1571932800
厨神小当家,28631,1570809600
樱花忍法帖,21718,1515340800
特利迦奥特曼（中配）,41998,1654963200
特利迦奥特曼,41997,1654963200
泰迦奥特曼剧场版 新生代之巅,41032,1643558400
失格纹的最强贤者～世界最强的贤者为了变得更强而转生了～,40140,1641571200
白猫计划 零之纪元,33022,1586102400
刀剑神域 爱丽丝篇 异界战争 -终章-,32781,1593878400
半妖的夜叉姬,34431,1601654400
诸神的逆鳞,28598,1570550400
高达创形者,23595,1522684800
桃子男孩渡海而来,38948,1626278400
博人传 火影忍者新时代,5978,1491321600
魔法战争,4367,1389196800
室内足球少年!!!!!,40272,1641657600
睡衣小英雄,39174,1627833600
魔法科高校的劣等生 简单易懂的魔法科！,2864,1392998400
Taboo Tattoo－禁忌咒纹－,5031,1467648000
政宗君的复仇,34650,1601222400
LORD of VERMILION 红莲之王,24607,1531497600
迷家,3451,1459526400
机动战士高达 铁血的奥尔芬斯 第二季,5535,1475337600
欢迎来到加帕里公园 第三季,33061,1586793600
笑容的代价,26304,1546531200
猎魔武士/GIBIATE,33808,1594742400
刀劍神域 Alicization War of Underworld 第二季（僅限台灣地區）,33120,1593878400
轻羽飞扬！,24589,1530460800
天命神童,2349,689961600
國王遊戲 The Animation（僅限台灣地區）,6426,1507219200
SWORD GAI 装刀凯 The Animation II,25002,1532966400
超人高中生们即便在异世界也能从容生存！,28634,1570032000
欧布奥特曼 原生之初,38417,1617120000
影之诗,32916,1586188800
锈色铠甲 黎明,40258,1641657600
你是彼方,39360,1630512000
钢铁侠,1004,1285862400
睡衣小英雄 第二季,39177,1627833600
闇影詩章（僅限台灣地區）,33086,1586188800
洛克人：全面充能 第一季,41323,1646150400
约定的梦幻岛 第二季,36210,1609862400
迷你天线宝宝,41287,1645632000
花样滑冰Stars,36281,1608998400
欢迎来到加帕里公园,25235,1533830400
魔法使黎明期,41419,1652630400
欢迎来到加帕里公园 第二季,27698,1556640000
兽娘动物园 2,26295,1547481600
万能蔬菜卜卜侠,958,1299254400
麻衣的魔法和家庭日,957,1298131200
苏希的动物园,945,1301846400
X战警,944,1301587200
和殿下一起～眼罩之野心～,937,1301846400
和殿下一起 1分钟剧场,936,1278259200
怪物猎人日记 岌岌可危的猫猫村G,912,1309449600
DOUBLE-J,908,1309190400
战国☆天堂 -极-,892,1317657600
金属对决 战斗陀螺 ZERO G,804,1333814400
柴犬子,798,1333209600
希望宅邸3D 第二季,776,1341244800
